633656960563417088;Galatasaray;Favor;10,21,ORGANIZATION
633657887320068096;Galatasaray;Favor;10,20,ORGANIZATION;42,48,ORGANIZATION;48,59,ORGANIZATION;66,77,ORGANIZATION
633659304592166912;Galatasaray;Favor;22,44,ORGANIZATION;69,79,ORGANIZATION;81,92,ORGANIZATION
633660220959498241;Galatasaray;Favor;75,86,ORGANIZATION
633660438954274816;Galatasaray;Favor;14,25,ORGANIZATION;26,38,LOCATION;40,45,LOCATION;45,52,LOCATION
633661552017735680;Galatasaray;Favor;3,14,ORGANIZATION;46,57,ORGANIZATION
633661607852253185;Galatasaray;Favor;0,11,ORGANIZATION
633664327036366848;Galatasaray;Favor;0,11,ORGANIZATION
633665657511518208;Galatasaray;Favor;5,11,ORGANIZATION;12,18,ORGANIZATION
633665712536592384;Galatasaray;Favor;40,51,ORGANIZATION
633665970729558016;Galatasaray;Favor;67,72,ORGANIZATION;75,86,ORGANIZATION
633667013915885568;Galatasaray;Favor;12,23,ORGANIZATION
633670184373460993;Galatasaray;Favor;3,14,ORGANIZATION;85,96,ORGANIZATION
633670372630597633;Galatasaray;Favor;20,31,ORGANIZATION
633670823195373568;Galatasaray;Favor;16,27,ORGANIZATION
633670940438720512;Galatasaray;Favor;14,25,ORGANIZATION
633670952216363008;Galatasaray;Favor;32,43,ORGANIZATION
633670964216233984;Galatasaray;Favor;5,11,ORGANIZATION
633671094499717122;Galatasaray;Favor;4,15,ORGANIZATION;38,44,ORGANIZATION
633671253187031040;Galatasaray;Favor;4,15,ORGANIZATION
633671324527906816;Galatasaray;Favor;14,25,ORGANIZATION
633672166270177280;Galatasaray;Favor;0,11,ORGANIZATION
633672423204868096;Galatasaray;Favor;18,24,ORGANIZATION
633673263852425216;Galatasaray;Favor;66,77,ORGANIZATION
633673442605334529;Galatasaray;Favor;13,24,ORGANIZATION
633675876761255936;Galatasaray;Favor;0,11,ORGANIZATION
633677086268497920;Galatasaray;Favor;14,25,ORGANIZATION;35,46,ORGANIZATION
633677440515219456;Galatasaray;Favor;67,78,ORGANIZATION
633680079541944320;Galatasaray;Favor;20,26,ORGANIZATION
633680113155055616;Galatasaray;Favor;28,39,ORGANIZATION
633683068608491520;Galatasaray;Favor;0,11,ORGANIZATION
633684327709167616;Galatasaray;Favor;19,30,ORGANIZATION
633684689807667200;Galatasaray;Favor;5,16,ORGANIZATION
633686096602337280;Galatasaray;Favor;10,21,ORGANIZATION
633686154924195840;Galatasaray;Favor;10,21,ORGANIZATION
633686181876776960;Galatasaray;Favor;7,18,ORGANIZATION
633686315784138752;Galatasaray;Favor;16,27,ORGANIZATION
633687095085789185;Galatasaray;Favor;0,11,ORGANIZATION;66,77,ORGANIZATION
633687417950748672;Galatasaray;Favor;0,11,ORGANIZATION;43,48,ORGANIZATION;58,64,ORGANIZATION;78,84,ORGANIZATION
633688360880578560;Galatasaray;Favor;43,54,ORGANIZATION
633688716985434112;Galatasaray;Favor;76,87,ORGANIZATION
633689430700765184;Galatasaray;Favor;30,41,ORGANIZATION
633690068637642752;Galatasaray;Favor;17,27,PERSON;28,39,ORGANIZATION
633690713688047616;Galatasaray;Favor;13,24,ORGANIZATION
633693267830394880;Galatasaray;Favor;54,65,ORGANIZATION;75,81,ORGANIZATION
633693288130834432;Galatasaray;Favor;0,10,ORGANIZATION;37,48,ORGANIZATION
633693315611934721;Galatasaray;Favor;23,34,ORGANIZATION
633693602405830656;Galatasaray;Favor;5,9,ORGANIZATION;10,16,ORGANIZATION
633694082708148224;Galatasaray;Favor;0,10,ORGANIZATION;29,40,ORGANIZATION
633696803850948608;Galatasaray;Favor;0,6,ORGANIZATION
633698186847195140;Galatasaray;Favor;25,36,ORGANIZATION
633699362330279936;Galatasaray;Favor;0,11,ORGANIZATION;29,36,LOCATION;54,61,LOCATION
633701857924390917;Galatasaray;Favor;67,71,ORGANIZATION;90,101,ORGANIZATION
633702344040034304;Galatasaray;Favor;60,71,ORGANIZATION;71,77,ORGANIZATION;100,111,ORGANIZATION
633702456871026688;Galatasaray;Favor;27,38,ORGANIZATION
633702911978172416;Galatasaray;Favor;0,11,ORGANIZATION
633703103280324608;Galatasaray;Favor;10,16,ORGANIZATION;38,49,ORGANIZATION
633703484139929600;Galatasaray;Favor;42,53,ORGANIZATION
633704291266641921;Galatasaray;Favor;0,11,ORGANIZATION
633704633110765568;Galatasaray;Favor;0,11,ORGANIZATION
633705797684432896;Galatasaray;Favor;15,21,ORGANIZATION
633706239600513024;Galatasaray;Favor;9,15,ORGANIZATION
633706870121857024;Galatasaray;Favor;11,17,ORGANIZATION
633707203837489152;Galatasaray;Favor;13,19,ORGANIZATION;33,44,ORGANIZATION
633707431818870785;Galatasaray;Favor;0,6,ORGANIZATION
633708014214737921;Galatasaray;Favor;54,65,ORGANIZATION;71,77,ORGANIZATION;83,89,PERSON
633708669839015936;Galatasaray;Favor;9,15,ORGANIZATION;23,29,ORGANIZATION;32,38,ORGANIZATION
633709050904080384;Galatasaray;Favor;0,11,ORGANIZATION
633989457004335104;Galatasaray;Favor;16,27,ORGANIZATION
633990177275420673;Galatasaray;Favor;41,52,ORGANIZATION;59,70,ORGANIZATION;70,76,ORGANIZATION
634003986115371008;Galatasaray;Favor;29,40,ORGANIZATION
634008541251153920;Galatasaray;Favor;87,98,ORGANIZATION
634010435721805824;Galatasaray;Favor;10,21,ORGANIZATION
634018739646808064;Galatasaray;Favor;2,12,PERSON;33,44,ORGANIZATION;64,74,ORGANIZATION;92,97,PERSON;99,108,PERSON
634027030204563456;Galatasaray;Favor;43,54,ORGANIZATION
634033369219747841;Galatasaray;Favor;18,29,ORGANIZATION
634033409942257664;Galatasaray;Favor;10,21,ORGANIZATION
634033478733008896;Galatasaray;Favor;5,16,ORGANIZATION
634034462859395072;Galatasaray;Favor;33,44,ORGANIZATION
634040502262870016;Galatasaray;Favor;16,22,ORGANIZATION
634347293228011520;Galatasaray;Favor;5,16,ORGANIZATION;51,62,ORGANIZATION
634349305776762880;Galatasaray;Favor;14,25,ORGANIZATION
634350798827335680;Galatasaray;Favor;9,15,ORGANIZATION
634354619775324160;Galatasaray;Favor;5,16,ORGANIZATION
634367792213565444;Galatasaray;Favor;0,11,ORGANIZATION
634369894507786240;Galatasaray;Favor;32,43,ORGANIZATION
634370652624027648;Galatasaray;Favor;18,29,ORGANIZATION
634377362193416193;Galatasaray;Favor;7,18,ORGANIZATION
634381985218187264;Galatasaray;Favor;24,35,ORGANIZATION
634390350044508160;Galatasaray;Favor;21,32,ORGANIZATION;47,55,PERSON
634392508508803073;Galatasaray;Favor;27,38,ORGANIZATION
634395794456584192;Galatasaray;Favor;26,37,ORGANIZATION
634401607300575232;Galatasaray;Favor;5,16,ORGANIZATION
634403606763077632;Galatasaray;Favor;0,16,PERSON;69,80,ORGANIZATION
634404749580869632;Galatasaray;Favor;0,11,ORGANIZATION
634712364923920392;Galatasaray;Favor;7,18,ORGANIZATION
634715595116822528;Galatasaray;Favor;0,8,PERSON;89,100,ORGANIZATION
634719099810115585;Galatasaray;Favor;0,11,ORGANIZATION;13,21,PERSON
634719429113323520;Galatasaray;Favor;15,26,ORGANIZATION
634721070763909120;Galatasaray;Favor;35,46,ORGANIZATION
634723441258692608;Galatasaray;Favor;10,20,PERSON;30,41,ORGANIZATION
634725098684084224;Galatasaray;Favor;9,19,ORGANIZATION;28,39,ORGANIZATION
634725692404551680;Galatasaray;Favor;5,11,ORGANIZATION;27,45,PERSON;45,51,LOCATION
634726028489977857;Galatasaray;Favor;0,11,ORGANIZATION;56,66,ORGANIZATION;88,97,PERSON;102,113,ORGANIZATION
634726570347900928;Galatasaray;Favor;0,11,ORGANIZATION;48,54,LOCATION;55,63,LOCATION;63,73,LOCATION
634728219829248000;Galatasaray;Favor;0,11,ORGANIZATION;42,50,PERSON;50,58,PERSON;58,63,PERSON;63,67,PERSON;67,73,PERSON
634730599987716096;Galatasaray;Favor;0,15,ORGANIZATION;46,53,LOCATION;88,94,ORGANIZATION
634733862346719232;Galatasaray;Favor;16,27,ORGANIZATION
634737931505266688;Galatasaray;Favor;46,57,ORGANIZATION
634741881520451584;Galatasaray;Favor;0,11,ORGANIZATION
634742710323314689;Galatasaray;Favor;10,21,ORGANIZATION
634748767690981376;Galatasaray;Favor;37,48,ORGANIZATION
634752120567267328;Galatasaray;Favor;0,11,ORGANIZATION
634758226941243397;Galatasaray;Favor;17,28,ORGANIZATION
634758690684436480;Galatasaray;Favor;20,31,ORGANIZATION
634770469300908032;Galatasaray;Favor;27,38,ORGANIZATION
635078788687249408;Galatasaray;Favor;20,31,ORGANIZATION
635080566921166848;Galatasaray;Favor;27,38,ORGANIZATION
635082343288578048;Galatasaray;Favor;23,34,ORGANIZATION;35,51,LOCATION
635082784336429056;Galatasaray;Favor;11,22,ORGANIZATION
635083930652291072;Galatasaray;Favor;18,29,ORGANIZATION;30,41,ORGANIZATION
635085550660272129;Galatasaray;Favor;20,31,ORGANIZATION
635093805209927680;Galatasaray;Favor;32,38,ORGANIZATION
635094014849642497;Galatasaray;Favor;41,52,ORGANIZATION
635098530588291072;Galatasaray;Favor;1,12,ORGANIZATION;22,30,PERSON
635100921375137792;Galatasaray;Favor;33,44,ORGANIZATION;53,64,ORGANIZATION
635111528379883520;Galatasaray;Favor;5,16,ORGANIZATION
635115642606231553;Galatasaray;Favor;15,26,ORGANIZATION
635120508732874754;Galatasaray;Favor;33,44,ORGANIZATION
635121487071059968;Galatasaray;Favor;0,11,ORGANIZATION
635126486916333568;Galatasaray;Favor;19,30,ORGANIZATION
635126638976573441;Galatasaray;Favor;22,33,ORGANIZATION
635129871296020480;Galatasaray;Favor;0,11,ORGANIZATION;11,18,LOCATION
635131106757623810;Galatasaray;Favor;0,11,ORGANIZATION
635131552956055552;Galatasaray;Favor;3,14,ORGANIZATION;30,41,ORGANIZATION
635134281417945088;Galatasaray;Favor;0,11,ORGANIZATION
635134463069028352;Galatasaray;Favor;10,21,ORGANIZATION
635135011675619328;Galatasaray;Favor;0,11,ORGANIZATION
635135121281126400;Galatasaray;Favor;13,24,ORGANIZATION
635136268402323456;Galatasaray;Favor;0,11,ORGANIZATION
635450841273626624;Galatasaray;Favor;12,23,ORGANIZATION
635452809442394112;Galatasaray;Favor;8,19,ORGANIZATION
635464503338106881;Galatasaray;Favor;0,11,ORGANIZATION;11,22,ORGANIZATION
635465074665222144;Galatasaray;Favor;13,24,ORGANIZATION;44,59,ORGANIZATION
635468049999659009;Galatasaray;Favor;10,20,PERSON;30,41,ORGANIZATION
635469294273458176;Galatasaray;Favor;26,37,ORGANIZATION
635480790273495040;Galatasaray;Favor;7,18,ORGANIZATION
635482771218132992;Galatasaray;Favor;39,50,ORGANIZATION
635482923236487168;Galatasaray;Favor;4,15,ORGANIZATION
635489936947445760;Galatasaray;Favor;14,25,ORGANIZATION
635490098503659520;Galatasaray;Favor;3,14,ORGANIZATION
635492787077709824;Galatasaray;Favor;29,40,ORGANIZATION
635797000496263169;Galatasaray;Favor;5,16,ORGANIZATION
635798598853246977;Galatasaray;Favor;14,25,ORGANIZATION
635799517175128064;Galatasaray;Favor;0,7,LOCATION;28,39,ORGANIZATION
635801092811563008;Galatasaray;Favor;18,29,ORGANIZATION
635801483611631616;Galatasaray;Favor;36,47,ORGANIZATION
635803276496236548;Galatasaray;Favor;34,45,ORGANIZATION
635805712493375489;Galatasaray;Favor;70,81,ORGANIZATION
635805781665910785;Galatasaray;Favor;2,10,ORGANIZATION;12,17,ORGANIZATION;21,28,ORGANIZATION;67,78,ORGANIZATION
635810049168961540;Galatasaray;Favor;28,39,ORGANIZATION
635813229864816640;Galatasaray;Favor;0,7,ORGANIZATION;24,35,ORGANIZATION;38,46,PERSON;49,57,PERSON;64,75,PERSON
635813728911536128;Galatasaray;Favor;31,42,ORGANIZATION
635814487468150786;Galatasaray;Favor;0,11,ORGANIZATION
635816436460597248;Galatasaray;Favor;11,22,ORGANIZATION
635819537464721408;Galatasaray;Favor;5,16,ORGANIZATION;38,49,ORGANIZATION
635820826080751616;Galatasaray;Favor;18,24,ORGANIZATION
635821006679068672;Galatasaray;Favor;14,25,ORGANIZATION
635822235715022848;Galatasaray;Favor;0,11,ORGANIZATION;32,46,PERSON
635822952215379968;Galatasaray;Favor;13,24,ORGANIZATION
635823595151826944;Galatasaray;Favor;0,11,ORGANIZATION;51,62,ORGANIZATION
635826609136750592;Galatasaray;Favor;0,11,ORGANIZATION;29,41,PERSON
635837303861198848;Galatasaray;Favor;3,14,ORGANIZATION
635837350157922304;Galatasaray;Favor;43,54,ORGANIZATION
635839490867752960;Galatasaray;Favor;11,22,ORGANIZATION
635843213727793153;Galatasaray;Favor;0,6,ORGANIZATION
635845602853679104;Galatasaray;Favor;17,28,ORGANIZATION
635845603801604096;Galatasaray;Favor;3,14,ORGANIZATION;30,41,ORGANIZATION
635847042129100801;Galatasaray;Favor;13,24,ORGANIZATION
635847138937843712;Galatasaray;Favor;8,14,ORGANIZATION
635854793349681153;Galatasaray;Favor;15,26,ORGANIZATION
636172802245152769;Galatasaray;Favor;18,29,ORGANIZATION
636176422202134528;Galatasaray;Favor;22,33,ORGANIZATION
636177651011592192;Galatasaray;Favor;9,13,ORGANIZATION;106,117,ORGANIZATION
636188476891918336;Galatasaray;Favor;0,11,ORGANIZATION;48,65,LOCATION
636190114952183813;Galatasaray;Favor;12,23,ORGANIZATION;32,43,ORGANIZATION
636197760233009152;Galatasaray;Favor;24,35,ORGANIZATION
636197770697687040;Galatasaray;Favor;0,11,ORGANIZATION
636197879053426688;Galatasaray;Favor;0,11,ORGANIZATION
636203629079306240;Galatasaray;Favor;23,34,ORGANIZATION
636207807356870660;Galatasaray;Favor;11,22,ORGANIZATION
636207916710764544;Galatasaray;Favor;11,17,ORGANIZATION
636532168274128897;Galatasaray;Favor;7,13,ORGANIZATION
636548558141923328;Galatasaray;Favor;0,11,ORGANIZATION;25,29,PERSON;32,37,ORGANIZATION
636565809154891776;Galatasaray;Favor;28,39,ORGANIZATION;60,74,PERSON
636567132898205697;Galatasaray;Favor;15,26,ORGANIZATION
636568042634395648;Galatasaray;Favor;9,20,ORGANIZATION;45,55,LOCATION;57,64,LOCATION
636570059796795392;Galatasaray;Favor;53,64,ORGANIZATION
636572696491462656;Galatasaray;Favor;40,51,ORGANIZATION
636574831908126720;Galatasaray;Favor;19,30,ORGANIZATION;36,47,ORGANIZATION
636576613333925888;Galatasaray;Favor;13,24,ORGANIZATION
636884459107823616;Galatasaray;Favor;56,67,ORGANIZATION
636885855727190016;Galatasaray;Favor;0,11,ORGANIZATION;21,36,ORGANIZATION
636887623064227840;Galatasaray;Favor;0,11,ORGANIZATION;38,53,ORGANIZATION
636890899751010304;Galatasaray;Favor;40,51,ORGANIZATION
636895108495974400;Galatasaray;Favor;34,45,ORGANIZATION
636898642213928964;Galatasaray;Favor;40,51,ORGANIZATION;63,78,ORGANIZATION
636899167630163969;Galatasaray;Favor;10,21,ORGANIZATION
636908693372715008;Galatasaray;Favor;0,11,ORGANIZATION
636908818333593600;Galatasaray;Favor;0,7,LOCATION;52,63,ORGANIZATION;63,78,ORGANIZATION
636915936746938368;Galatasaray;Favor;17,28,ORGANIZATION
636919936502366209;Galatasaray;Favor;3,14,ORGANIZATION
636932305097986048;Galatasaray;Favor;13,24,ORGANIZATION
636932537646993408;Galatasaray;Favor;34,40,ORGANIZATION
636933031744401408;Galatasaray;Favor;4,15,ORGANIZATION
636938610357465088;Galatasaray;Favor;6,17,ORGANIZATION
636938634147594241;Galatasaray;Favor;27,38,ORGANIZATION
636938642653622272;Galatasaray;Favor;37,48,ORGANIZATION
636938701805891584;Galatasaray;Favor;24,35,ORGANIZATION
636938788737024001;Galatasaray;Favor;0,11,ORGANIZATION
636938810715189248;Galatasaray;Favor;35,37,ORGANIZATION;49,60,ORGANIZATION
636938840700264448;Galatasaray;Favor;6,17,ORGANIZATION
636938936569434113;Galatasaray;Favor;22,33,ORGANIZATION
636938994295697408;Galatasaray;Favor;46,57,ORGANIZATION
636939123195031552;Galatasaray;Favor;27,38,ORGANIZATION;51,62,ORGANIZATION
636939172117397504;Galatasaray;Favor;54,65,ORGANIZATION
636939217638150144;Galatasaray;Favor;32,43,ORGANIZATION
637246354725728256;Galatasaray;Favor;0,11,ORGANIZATION
637258675766362112;Galatasaray;Favor;0,11,ORGANIZATION
637259653999632385;Galatasaray;Favor;29,40,ORGANIZATION;43,58,ORGANIZATION
637279734712373248;Galatasaray;Favor;72,83,ORGANIZATION
637296421968965632;Galatasaray;Favor;44,55,ORGANIZATION
637296510997237760;Galatasaray;Favor;34,45,ORGANIZATION
637298274865647617;Galatasaray;Favor;34,45,ORGANIZATION
637300152097705984;Galatasaray;Favor;0,11,ORGANIZATION;26,35,PERSON
637306055781941248;Galatasaray;Favor;0,11,ORGANIZATION
637307129041395713;Galatasaray;Favor;0,4,PERSON;10,21,ORGANIZATION;43,54,LOCATION
637608429679452160;Galatasaray;Favor;17,28,ORGANIZATION
637652190270779392;Galatasaray;Favor;23,34,ORGANIZATION;48,59,ORGANIZATION
637652446769246208;Galatasaray;Favor;0,11,ORGANIZATION;35,46,ORGANIZATION;46,52,ORGANIZATION;53,61,LOCATION
637657408567967744;Galatasaray;Favor;21,32,ORGANIZATION
637657452457160704;Galatasaray;Favor;0,10,LOCATION;35,45,PERSON;58,69,ORGANIZATION
637658025868820480;Galatasaray;Favor;0,8,ORGANIZATION;10,21,ORGANIZATION
637661966350290944;Galatasaray;Favor;0,11,ORGANIZATION
637663398889717762;Galatasaray;Favor;4,10,ORGANIZATION
637663540099289088;Galatasaray;Favor;17,28,ORGANIZATION
637663875895328768;Galatasaray;Favor;13,19,ORGANIZATION;27,60,LOCATION;62,67,LOCATION
637666635025920000;Galatasaray;Favor;14,25,ORGANIZATION
637666766672556033;Galatasaray;Favor;18,29,ORGANIZATION;32,65,LOCATION;67,72,LOCATION
637666863263129604;Galatasaray;Favor;0,11,ORGANIZATION
637666898604335104;Galatasaray;Favor;23,34,ORGANIZATION
637667793693986818;Galatasaray;Favor;0,11,ORGANIZATION;52,63,ORGANIZATION
637669002127478784;Galatasaray;Favor;15,26,ORGANIZATION
637670238650265600;Galatasaray;Favor;0,11,ORGANIZATION
638019544066469888;Galatasaray;Favor;14,25,ORGANIZATION;44,55,ORGANIZATION
638019636114665476;Galatasaray;Favor;15,26,ORGANIZATION
638020382465912832;Galatasaray;Favor;19,30,ORGANIZATION
638022074985000961;Galatasaray;Favor;22,33,ORGANIZATION
638382015738417152;Galatasaray;Favor;14,25,ORGANIZATION
638382372254183424;Galatasaray;Favor;21,32,ORGANIZATION
638701990189617153;Galatasaray;Favor;36,47,ORGANIZATION
638723524656562176;Galatasaray;Favor;21,32,ORGANIZATION
638744610756542464;Galatasaray;Favor;0,7,LOCATION;16,27,ORGANIZATION
639064231946682368;Galatasaray;Favor;4,13,ORGANIZATION;26,37,ORGANIZATION
639069049058656256;Galatasaray;Favor;14,25,ORGANIZATION
639073019072245761;Galatasaray;Favor;28,39,ORGANIZATION
639091074443644928;Galatasaray;Favor;0,11,ORGANIZATION
639091583367938048;Galatasaray;Favor;40,51,ORGANIZATION
639093994933370880;Galatasaray;Favor;3,14,ORGANIZATION
633657249035124740;Galatasaray;Against;1,12,ORGANIZATION;14,25,PERSON;42,49,ORGANIZATION
633658113552465921;Galatasaray;Against;22,27,PERSON;97,108,ORGANIZATION
633660525411454976;Galatasaray;Against;0,11,ORGANIZATION;14,25,PERSON;60,67,LOCATION
633660639278403585;Galatasaray;Against;0,11,ORGANIZATION;14,25,PERSON;60,67,LOCATION;70,72,ORGANIZATION
633663500666208260;Galatasaray;Against;0,6,ORGANIZATION;10,16,ORGANIZATION;30,40,ORGANIZATION
633669035914346497;Galatasaray;Against;0,10,ORGANIZATION;32,43,ORGANIZATION;47,55,ORGANIZATION
633670475135193088;Galatasaray;Against;20,28,ORGANIZATION;45,54,ORGANIZATION;55,60,ORGANIZATION
633670605745856516;Galatasaray;Against;4,15,ORGANIZATION
633672903221997568;Galatasaray;Against;14,20,ORGANIZATION;20,25,ORGANIZATION
633673990352052224;Galatasaray;Against;0,11,ORGANIZATION;72,83,PERSON
633674206820081664;Galatasaray;Against;13,23,PERSON;28,34,ORGANIZATION
633676696600870912;Galatasaray;Against;0,8,PERSON;11,19,PERSON;27,33,ORGANIZATION;37,45,PERSON
633677253705080832;Galatasaray;Against;79,90,ORGANIZATION
633679325678731270;Galatasaray;Against;0,11,ORGANIZATION;14,25,PERSON
633679621846904833;Galatasaray;Against;
633679660157673472;Galatasaray;Against;28,34,ORGANIZATION
633684785190322176;Galatasaray;Against;10,15,PERSON;17,24,LOCATION;101,112,ORGANIZATION
633688586395746304;Galatasaray;Against;0,5,ORGANIZATION;7,18,ORGANIZATION;35,43,ORGANIZATION
633689960919470080;Galatasaray;Against;4,10,ORGANIZATION;22,28,ORGANIZATION
633691029787553792;Galatasaray;Against;4,18,LOCATION;49,60,ORGANIZATION;63,71,ORGANIZATION;72,83,PERSON
633693387208683521;Galatasaray;Against;0,6,ORGANIZATION;17,23,ORGANIZATION
633693822581633025;Galatasaray;Against;69,80,ORGANIZATION;107,118,PERSON
633698261241565185;Galatasaray;Against;46,57,ORGANIZATION;72,81,PERSON
633698649164378113;Galatasaray;Against;11,16,PERSON;21,32,ORGANIZATION
633701285469007872;Galatasaray;Against;62,73,ORGANIZATION
633701622103846913;Galatasaray;Against;6,12,ORGANIZATION;14,24,ORGANIZATION
633703038218338306;Galatasaray;Against;3,14,ORGANIZATION
633705254576631809;Galatasaray;Against;0,10,ORGANIZATION;25,36,ORGANIZATION
633705271106342912;Galatasaray;Against;8,14,ORGANIZATION
633706783010365440;Galatasaray;Against;5,15,ORGANIZATION;38,48,ORGANIZATION;88,99,ORGANIZATION
633708348249128961;Galatasaray;Against;1,7,ORGANIZATION
633708549097525248;Galatasaray;Against;11,22,ORGANIZATION;26,37,ORGANIZATION
633708920889057284;Galatasaray;Against;0,6,ORGANIZATION
633990419911733248;Galatasaray;Against;7,12,PERSON;68,79,ORGANIZATION
633991910621859842;Galatasaray;Against;11,22,ORGANIZATION
633993564020711424;Galatasaray;Against;0,11,ORGANIZATION
633996380906852352;Galatasaray;Against;20,31,ORGANIZATION
634026151506235392;Galatasaray;Against;39,50,ORGANIZATION
634034295657603072;Galatasaray;Against;4,15,ORGANIZATION;27,37,PERSON
634034402109038596;Galatasaray;Against;0,7,ORGANIZATION;10,19,ORGANIZATION;82,93,ORGANIZATION
634034524553379840;Galatasaray;Against;32,37,PERSON;52,67,ORGANIZATION;93,104,ORGANIZATION;106,116,PERSON
634359011933061120;Galatasaray;Against;0,11,ORGANIZATION;16,18,ORGANIZATION
634370995755843584;Galatasaray;Against;7,18,ORGANIZATION
634372573212639232;Galatasaray;Against;0,11,ORGANIZATION
634375607124627456;Galatasaray;Against;0,11,ORGANIZATION;69,73,PERSON
634375634488311808;Galatasaray;Against;0,11,ORGANIZATION;69,81,PERSON
634376128208224256;Galatasaray;Against;0,11,ORGANIZATION
634376166602899456;Galatasaray;Against;37,48,PERSON;48,59,ORGANIZATION
634383810138869760;Galatasaray;Against;60,68,ORGANIZATION;80,86,ORGANIZATION;87,92,ORGANIZATION
634386247562215424;Galatasaray;Against;9,20,ORGANIZATION;22,27,PERSON
634397177142509568;Galatasaray;Against;46,57,ORGANIZATION
634397566638137345;Galatasaray;Against;12,18,PERSON;52,63,ORGANIZATION
634728519193468928;Galatasaray;Against;16,27,PERSON;28,36,ORGANIZATION;63,74,ORGANIZATION
634735181920927744;Galatasaray;Against;43,54,PERSON;58,69,ORGANIZATION
634736512144384000;Galatasaray;Against;15,26,ORGANIZATION
634741889783189504;Galatasaray;Against;34,45,ORGANIZATION
634743870551662592;Galatasaray;Against;0,6,LOCATION;58,69,ORGANIZATION
634749840971464704;Galatasaray;Against;0,8,ORGANIZATION;15,21,ORGANIZATION;34,43,PERSON
634761960266014720;Galatasaray;Against;41,55,PERSON;60,71,ORGANIZATION
634768108327186432;Galatasaray;Against;93,99,ORGANIZATION
635084739838394368;Galatasaray;Against;45,51,ORGANIZATION
635089465275490304;Galatasaray;Against;0,11,ORGANIZATION
635090805615628288;Galatasaray;Against;1,7,ORGANIZATION;14,16,ORGANIZATION
635091541787287553;Galatasaray;Against;33,44,ORGANIZATION;80,91,ORGANIZATION
635092997357600769;Galatasaray;Against;1,11,PERSON;15,26,ORGANIZATION;77,82,PERSON
635093723014123520;Galatasaray;Against;29,40,ORGANIZATION
635095747176845313;Galatasaray;Against;15,21,ORGANIZATION;47,53,ORGANIZATION
635098529908834304;Galatasaray;Against;6,17,PERSON;36,47,ORGANIZATION
635103079050952706;Galatasaray;Against;7,12,PERSON;54,59,PERSON;77,88,ORGANIZATION;88,100,PERSON
635103692354486274;Galatasaray;Against;0,11,ORGANIZATION;35,41,PERSON
635106907049598976;Galatasaray;Against;41,52,ORGANIZATION
635107285606506501;Galatasaray;Against;1,7,ORGANIZATION;7,13,ORGANIZATION;107,118,ORGANIZATION
635108876057210880;Galatasaray;Against;0,11,ORGANIZATION
635109746689896448;Galatasaray;Against;0,9,PERSON;32,43,ORGANIZATION
635116507375239168;Galatasaray;Against;32,43,ORGANIZATION
635118732155686913;Galatasaray;Against;42,53,PERSON;57,68,ORGANIZATION
635119022749712384;Galatasaray;Against;20,31,ORGANIZATION
635120434095214592;Galatasaray;Against;17,23,ORGANIZATION;40,52,LOCATION
635120947620618240;Galatasaray;Against;91,102,ORGANIZATION
635129037732622336;Galatasaray;Against;97,108,ORGANIZATION
635133324357431296;Galatasaray;Against;33,38,PERSON;61,72,ORGANIZATION
635133716361293824;Galatasaray;Against;7,18,PERSON;20,31,ORGANIZATION;64,79,PERSON
635439988906291200;Galatasaray;Against;20,29,PERSON;52,57,ORGANIZATION;59,65,ORGANIZATION
635453105036001280;Galatasaray;Against;0,11,ORGANIZATION
635453308262580224;Galatasaray;Against;0,11,ORGANIZATION
635466565677355008;Galatasaray;Against;11,22,ORGANIZATION
635476819957915648;Galatasaray;Against;23,34,PERSON;85,96,ORGANIZATION;99,105,ORGANIZATION
635485218653270016;Galatasaray;Against;0,11,ORGANIZATION;13,22,ORGANIZATION
635487921093615616;Galatasaray;Against;85,95,ORGANIZATION;101,112,ORGANIZATION
635492901397635072;Galatasaray;Against;106,117,ORGANIZATION
635834614452494336;Galatasaray;Against;0,12,PERSON;23,29,ORGANIZATION
635837377022427136;Galatasaray;Against;68,79,ORGANIZATION
635853646857695233;Galatasaray;Against;0,12,PERSON;23,34,ORGANIZATION
636158906671202304;Galatasaray;Against;58,69,ORGANIZATION
636159067992522752;Galatasaray;Against;7,18,ORGANIZATION
636159423510126592;Galatasaray;Against;36,47,ORGANIZATION;87,98,PERSON
636160103239012352;Galatasaray;Against;0,11,ORGANIZATION;99,110,ORGANIZATION
636160412212400128;Galatasaray;Against;40,51,ORGANIZATION;64,75,PERSON
636160544207192064;Galatasaray;Against;48,59,ORGANIZATION
636160809907916800;Galatasaray;Against;0,11,PERSON;78,89,ORGANIZATION
636161021477044224;Galatasaray;Against;0,11,PERSON;26,32,PERSON;103,114,ORGANIZATION
636163943858339840;Galatasaray;Against;13,24,PERSON;39,50,ORGANIZATION
636164128126697473;Galatasaray;Against;0,11,ORGANIZATION;63,74,ORGANIZATION
636165211276378112;Galatasaray;Against;9,15,PERSON;51,62,ORGANIZATION
636165220394749952;Galatasaray;Against;2,13,ORGANIZATION
636165493804634116;Galatasaray;Against;15,26,ORGANIZATION;70,81,ORGANIZATION
636165726089445378;Galatasaray;Against;72,83,PERSON;89,100,ORGANIZATION;100,111,ORGANIZATION
636166677177217024;Galatasaray;Against;0,11,PERSON;64,75,ORGANIZATION
636166689785290752;Galatasaray;Against;0,11,ORGANIZATION;59,64,PERSON
636167017561739268;Galatasaray;Against;0,7,PERSON;9,20,ORGANIZATION
636168890834386944;Galatasaray;Against;43,49,ORGANIZATION
636169064864436224;Galatasaray;Against;0,11,ORGANIZATION;11,25,ORGANIZATION;45,57,PERSON;82,90,LOCATION
636169273216471040;Galatasaray;Against;46,57,ORGANIZATION
636170324183265280;Galatasaray;Against;0,11,ORGANIZATION
636172099997073408;Galatasaray;Against;0,11,ORGANIZATION;52,57,PERSON;103,108,ORGANIZATION
636172514113245184;Galatasaray;Against;0,11,ORGANIZATION;78,83,PERSON;83,94,PERSON
636177801268359168;Galatasaray;Against;43,54,ORGANIZATION
636180542204051456;Galatasaray;Against;16,22,ORGANIZATION;86,98,PERSON
636182220345110528;Galatasaray;Against;1,7,ORGANIZATION
636182533697368064;Galatasaray;Against;1,7,ORGANIZATION
636184813368668160;Galatasaray;Against;0,11,ORGANIZATION;31,43,PERSON;68,76,LOCATION
636188836285009920;Galatasaray;Against;9,15,ORGANIZATION
636188862251991044;Galatasaray;Against;86,97,ORGANIZATION
636190090688102400;Galatasaray;Against;101,112,ORGANIZATION
636190239229394944;Galatasaray;Against;13,19,PERSON;19,29,ORGANIZATION;41,53,PERSON;67,78,ORGANIZATION
636191913364844545;Galatasaray;Against;25,31,PERSON;42,53,ORGANIZATION
636192501565661185;Galatasaray;Against;7,18,ORGANIZATION
636194388859863040;Galatasaray;Against;50,61,ORGANIZATION
636195066269319169;Galatasaray;Against;6,13,ORGANIZATION;52,63,PERSON;67,78,ORGANIZATION
636206213219373056;Galatasaray;Against;0,11,ORGANIZATION
636207310579363840;Galatasaray;Against;31,42,ORGANIZATION
636207812809490432;Galatasaray;Against;0,11,ORGANIZATION
636208063498817536;Galatasaray;Against;0,8,PERSON;47,58,ORGANIZATION
636208655407390720;Galatasaray;Against;0,10,ORGANIZATION;10,21,ORGANIZATION
636209414979080196;Galatasaray;Against;0,11,ORGANIZATION;29,36,ORGANIZATION;36,46,PERSON
636210733164929024;Galatasaray;Against;6,14,PERSON;21,27,PERSON
636211521484361729;Galatasaray;Against;21,32,ORGANIZATION;34,41,ORGANIZATION
636212593535905793;Galatasaray;Against;3,10,ORGANIZATION;11,22,ORGANIZATION
636212665417924608;Galatasaray;Against;20,25,PERSON;42,53,ORGANIZATION
636217350757449728;Galatasaray;Against;0,11,ORGANIZATION;40,51,PERSON;51,56,PERSON;56,68,PERSON;75,86,PERSON
636219207785517056;Galatasaray;Against;0,8,PERSON;75,86,ORGANIZATION
636220123813179393;Galatasaray;Against;14,20,ORGANIZATION
636523491710365696;Galatasaray;Against;0,11,ORGANIZATION
636528101502111744;Galatasaray;Against;29,40,ORGANIZATION
636529891224199168;Galatasaray;Against;5,16,ORGANIZATION
636530097441402880;Galatasaray;Against;0,6,ORGANIZATION
636533520538697728;Galatasaray;Against;0,11,ORGANIZATION;67,73,PERSON;88,95,PERSON
636533846331277312;Galatasaray;Against;0,7,PERSON;67,78,PERSON;82,93,ORGANIZATION
636536199717457920;Galatasaray;Against;0,11,ORGANIZATION;36,38,ORGANIZATION;72,83,ORGANIZATION
636536565297250305;Galatasaray;Against;14,25,ORGANIZATION;49,60,ORGANIZATION
636536658217840640;Galatasaray;Against;19,27,PERSON;49,60,ORGANIZATION;63,74,PERSON
636537126327291906;Galatasaray;Against;12,18,ORGANIZATION;30,45,LOCATION;47,53,LOCATION
636544950163873792;Galatasaray;Against;0,11,ORGANIZATION
636546458917990400;Galatasaray;Against;0,11,ORGANIZATION
636547700314505216;Galatasaray;Against;5,17,PERSON;52,63,ORGANIZATION
636550547156410369;Galatasaray;Against;60,71,ORGANIZATION
636556335857934336;Galatasaray;Against;0,11,ORGANIZATION;53,60,ORGANIZATION;60,71,PERSON;71,76,ORGANIZATION;76,84,PERSON
636563785201942528;Galatasaray;Against;3,9,PERSON;73,84,PERSON;88,99,ORGANIZATION
636564919203270656;Galatasaray;Against;20,31,ORGANIZATION
636579046411927552;Galatasaray;Against;0,3,ORGANIZATION;17,28,ORGANIZATION
636579287009730560;Galatasaray;Against;0,10,ORGANIZATION;12,23,ORGANIZATION;40,51,ORGANIZATION
636580013156995072;Galatasaray;Against;18,29,ORGANIZATION
636580130383622144;Galatasaray;Against;7,18,ORGANIZATION
636580141595000832;Galatasaray;Against;0,10,ORGANIZATION;23,34,ORGANIZATION
636580736674451456;Galatasaray;Against;7,18,ORGANIZATION
636582066658910208;Galatasaray;Against;11,23,PERSON;45,56,ORGANIZATION
636894177578602497;Galatasaray;Against;0,11,ORGANIZATION
636896511595556865;Galatasaray;Against;11,17,ORGANIZATION
636900583014813696;Galatasaray;Against;0,11,ORGANIZATION
636915562673754112;Galatasaray;Against;17,26,ORGANIZATION;29,38,ORGANIZATION;43,49,ORGANIZATION
636917606214205440;Galatasaray;Against;20,22,ORGANIZATION;52,63,ORGANIZATION;88,99,PERSON
636934212671696896;Galatasaray;Against;0,6,ORGANIZATION;6,17,ORGANIZATION;17,20,ORGANIZATION
636938596700831744;Galatasaray;Against;12,23,ORGANIZATION
636938767236997121;Galatasaray;Against;7,13,ORGANIZATION
636938769904611330;Galatasaray;Against;14,25,ORGANIZATION
636938830260609024;Galatasaray;Against;0,7,ORGANIZATION;9,17,ORGANIZATION;19,30,ORGANIZATION;36,38,ORGANIZATION
636938861483020288;Galatasaray;Against;0,11,ORGANIZATION
636939026612797440;Galatasaray;Against;0,11,ORGANIZATION
636939083353313280;Galatasaray;Against;20,31,ORGANIZATION;70,77,ORGANIZATION;79,87,ORGANIZATION
636939193097289728;Galatasaray;Against;23,29,ORGANIZATION;31,39,ORGANIZATION;39,46,ORGANIZATION
636939228593680384;Galatasaray;Against;2,13,ORGANIZATION
636939237473034240;Galatasaray;Against;12,23,ORGANIZATION
637248428351881216;Galatasaray;Against;5,11,ORGANIZATION;52,56,ORGANIZATION
637248973376516096;Galatasaray;Against;24,35,ORGANIZATION
637249241568673792;Galatasaray;Against;67,78,ORGANIZATION
637250548639600640;Galatasaray;Against;5,20,ORGANIZATION;37,43,ORGANIZATION;55,65,ORGANIZATION
637251525606305792;Galatasaray;Against;21,32,ORGANIZATION
637258539346608128;Galatasaray;Against;75,86,ORGANIZATION
637259441985978368;Galatasaray;Against;26,37,ORGANIZATION
637262082698801153;Galatasaray;Against;5,15,ORGANIZATION;24,35,ORGANIZATION;37,42,ORGANIZATION
637265430399328257;Galatasaray;Against;0,11,ORGANIZATION
637268774639505408;Galatasaray;Against;59,70,ORGANIZATION
637273875483619329;Galatasaray;Against;11,16,PERSON;62,73,ORGANIZATION
637274037043994625;Galatasaray;Against;45,56,ORGANIZATION
637278822333853698;Galatasaray;Against;0,8,LOCATION;28,38,PERSON;57,68,ORGANIZATION
637279090567983104;Galatasaray;Against;28,39,ORGANIZATION
637287003193757696;Galatasaray;Against;61,67,ORGANIZATION
637290920807923712;Galatasaray;Against;0,6,LOCATION;16,27,ORGANIZATION;27,38,ORGANIZATION;101,112,ORGANIZATION
637302011671781376;Galatasaray;Against;0,10,ORGANIZATION;83,91,ORGANIZATION;91,102,ORGANIZATION
637984122078670848;Galatasaray;Against;0,11,PERSON;13,23,ORGANIZATION;45,51,ORGANIZATION
637992250526593024;Galatasaray;Against;2,8,ORGANIZATION
638340594817990656;Galatasaray;Against;0,8,ORGANIZATION;8,19,ORGANIZATION
638378573066334208;Galatasaray;Against;20,31,ORGANIZATION
638383373375905792;Galatasaray;Against;0,9,PERSON;45,56,ORGANIZATION
638383787672498177;Galatasaray;Against;53,64,ORGANIZATION
638696847591251968;Galatasaray;Against;13,24,ORGANIZATION
638707878430425088;Galatasaray;Against;47,58,ORGANIZATION
638714550372691968;Galatasaray;Against;0,11,PERSON;17,28,ORGANIZATION
638720546461626368;Galatasaray;Against;60,71,ORGANIZATION
638722123796717568;Galatasaray;Against;0,11,ORGANIZATION
638722854800986112;Galatasaray;Against;0,12,PERSON;12,23,ORGANIZATION;59,63,PERSON
638723329839497216;Galatasaray;Against;0,11,PERSON;11,22,ORGANIZATION
638736979291717632;Galatasaray;Against;0,11,PERSON;11,22,ORGANIZATION
638740322198159360;Galatasaray;Against;41,52,ORGANIZATION
638744339397640192;Galatasaray;Against;69,80,ORGANIZATION
638745409163280384;Galatasaray;Against;38,49,ORGANIZATION
638746895544881152;Galatasaray;Against;0,11,PERSON;54,60,ORGANIZATION
639083736567558145;Galatasaray;Against;0,10,PERSON;10,16,ORGANIZATION;20,30,ORGANIZATION
639102270425145348;Galatasaray;Against;28,39,ORGANIZATION
639102968101531648;Galatasaray;Against;13,24,ORGANIZATION
639104220738813956;Galatasaray;Against;19,30,ORGANIZATION
639104224261967872;Galatasaray;Against;43,51,PERSON;81,92,ORGANIZATION
639104905135935488;Galatasaray;Against;29,40,ORGANIZATION
639104913696493568;Galatasaray;Against;17,28,ORGANIZATION
639105039081074688;Galatasaray;Against;13,24,ORGANIZATION
639105273278431232;Galatasaray;Against;0,11,ORGANIZATION
639105757825376256;Galatasaray;Against;13,24,ORGANIZATION
639105919821959172;Galatasaray;Against;28,39,ORGANIZATION
639106069730603008;Galatasaray;Against;0,11,PERSON;17,28,ORGANIZATION
639106252472209408;Galatasaray;Against;13,24,ORGANIZATION
639106362392363008;Galatasaray;Against;0,12,PERSON;28,39,ORGANIZATION
639106408139620352;Galatasaray;Against;18,29,ORGANIZATION
639106450296545280;Galatasaray;Against;16,27,ORGANIZATION
639106485117714432;Galatasaray;Against;0,11,PERSON;28,39,ORGANIZATION;80,91,PERSON
639106553077989376;Galatasaray;Against;0,11,ORGANIZATION;63,74,PERSON
639106678173134848;Galatasaray;Against;58,69,ORGANIZATION
639106893198323712;Galatasaray;Against;29,40,ORGANIZATION
639106927771930625;Galatasaray;Against;29,40,ORGANIZATION
639106957958348800;Galatasaray;Against;88,99,ORGANIZATION
639107055710785536;Galatasaray;Against;0,11,ORGANIZATION;42,53,PERSON
639107202326884353;Galatasaray;Against;0,11,ORGANIZATION
639107215241179136;Galatasaray;Against;13,24,ORGANIZATION;26,37,PERSON
639107232395829248;Galatasaray;Against;58,69,ORGANIZATION
639107340604674048;Galatasaray;Against;0,11,ORGANIZATION
639107341644886016;Galatasaray;Against;17,28,ORGANIZATION
639107465288773633;Galatasaray;Against;33,44,ORGANIZATION
639107504954327040;Galatasaray;Against;101,112,ORGANIZATION
639107879673430018;Galatasaray;Against;102,113,ORGANIZATION
639107926767108096;Galatasaray;Against;80,91,ORGANIZATION
639107935029882880;Galatasaray;Against;10,21,ORGANIZATION
639108007377420289;Galatasaray;Against;0,11,ORGANIZATION;37,41,ORGANIZATION;43,48,PERSON
639108009730420736;Galatasaray;Against;41,52,ORGANIZATION
639108069759299584;Galatasaray;Against;7,18,ORGANIZATION;50,61,PERSON
639108118400647168;Galatasaray;Against;29,35,PERSON;57,68,ORGANIZATION;90,101,PERSON
639108204673269760;Galatasaray;Against;0,6,ORGANIZATION
639108378120318977;Galatasaray;Against;4,15,ORGANIZATION
639108443060744192;Galatasaray;Against;17,28,ORGANIZATION
639108454653800448;Galatasaray;Against;73,84,PERSON;88,99,ORGANIZATION
639108488724152320;Galatasaray;Against;64,75,PERSON;75,86,ORGANIZATION
639108560463527936;Galatasaray;Against;5,16,PERSON;43,54,ORGANIZATION
639108858284216320;Galatasaray;Against;72,83,ORGANIZATION
639108881390665728;Galatasaray;Against;34,45,PERSON;53,64,ORGANIZATION
639108925225349120;Galatasaray;Against;47,58,ORGANIZATION
639108985384235008;Galatasaray;Against;0,11,PERSON;19,30,ORGANIZATION
639109060122529792;Galatasaray;Against;7,18,ORGANIZATION;81,92,PERSON
639109089377841152;Galatasaray;Against;20,31,ORGANIZATION;74,85,PERSON
639109103823007744;Galatasaray;Against;9,20,ORGANIZATION
639109200057094146;Galatasaray;Against;72,83,ORGANIZATION
633654268143267840;Fenerbahçe;Favor;9,14,ORGANIZATION
633654550562500608;Fenerbahçe;Favor;0,8,PERSON;22,32,ORGANIZATION;62,72,ORGANIZATION
633655428442902529;Fenerbahçe;Favor;1,11,ORGANIZATION;21,29,ORGANIZATION;29,35,ORGANIZATION;45,53,PERSON
633656717339926528;Fenerbahçe;Favor;0,10,ORGANIZATION;34,42,PERSON;42,52,ORGANIZATION
633657502140383232;Fenerbahçe;Favor;59,69,ORGANIZATION
633658253256335361;Fenerbahçe;Favor;19,29,ORGANIZATION
633662966416715776;Fenerbahçe;Favor;27,37,ORGANIZATION;85,93,ORGANIZATION
633664621711347713;Fenerbahçe;Favor;14,22,ORGANIZATION;83,93,ORGANIZATION
633666577137827840;Fenerbahçe;Favor;1,11,PERSON;12,17,ORGANIZATION
633666684222578688;Fenerbahçe;Favor;18,28,ORGANIZATION;29,44,ORGANIZATION;44,54,ORGANIZATION;54,60,ORGANIZATION;60,66,ORGANIZATION;72,78,ORGANIZATION;78,83,ORGANIZATION
633667752054640641;Fenerbahçe;Favor;17,27,ORGANIZATION;27,34,LOCATION
633668739213475840;Fenerbahçe;Favor;27,37,ORGANIZATION;84,90,ORGANIZATION;91,99,ORGANIZATION
633668965529714688;Fenerbahçe;Favor;20,30,ORGANIZATION
633669035914346497;Fenerbahçe;Favor;0,10,ORGANIZATION;32,43,ORGANIZATION;47,55,ORGANIZATION
633669120886710272;Fenerbahçe;Favor;0,8,ORGANIZATION;32,45,ORGANIZATION;47,55,LOCATION;55,62,LOCATION
633669136250478592;Fenerbahçe;Favor;38,48,ORGANIZATION
633671142650347520;Fenerbahçe;Favor;16,26,ORGANIZATION
633671451065905152;Fenerbahçe;Favor;20,25,ORGANIZATION
633671468048601088;Fenerbahçe;Favor;14,24,ORGANIZATION
633671488743305216;Fenerbahçe;Favor;19,29,ORGANIZATION
633671511728070656;Fenerbahçe;Favor;13,23,ORGANIZATION
633671513170948096;Fenerbahçe;Favor;14,24,ORGANIZATION;44,54,ORGANIZATION
633671596587225088;Fenerbahçe;Favor;45,55,ORGANIZATION
633671727663423488;Fenerbahçe;Favor;42,52,ORGANIZATION
633671885490909185;Fenerbahçe;Favor;15,25,ORGANIZATION;25,31,ORGANIZATION
633672057532862465;Fenerbahçe;Favor;20,30,ORGANIZATION
633673138585399296;Fenerbahçe;Favor;0,6,ORGANIZATION;22,32,ORGANIZATION;87,95,ORGANIZATION
633675000361426944;Fenerbahçe;Favor;8,17,PERSON;17,20,PERSON;29,32,PERSON;65,75,ORGANIZATION
633675517099704320;Fenerbahçe;Favor;19,25,ORGANIZATION;43,53,ORGANIZATION
633680758440390656;Fenerbahçe;Favor;13,23,ORGANIZATION
633680819538788352;Fenerbahçe;Favor;21,31,ORGANIZATION
633681982954831872;Fenerbahçe;Favor;0,5,ORGANIZATION
633683539423297536;Fenerbahçe;Favor;9,13,ORGANIZATION;24,34,ORGANIZATION
633683877417123844;Fenerbahçe;Favor;0,9,ORGANIZATION;9,19,ORGANIZATION;19,25,ORGANIZATION;56,60,LOCATION
633685131618877441;Fenerbahçe;Favor;1,15,PERSON;26,36,ORGANIZATION;37,48,ORGANIZATION;49,55,ORGANIZATION;61,69,ORGANIZATION
633688211232059392;Fenerbahçe;Favor;0,10,ORGANIZATION;17,23,ORGANIZATION;26,34,ORGANIZATION
633688329633050626;Fenerbahçe;Favor;0,10,ORGANIZATION;18,24,ORGANIZATION
633688904529481729;Fenerbahçe;Favor;0,10,ORGANIZATION;18,24,ORGANIZATION
633689893017923585;Fenerbahçe;Favor;0,10,ORGANIZATION
633692926376312832;Fenerbahçe;Favor;7,17,ORGANIZATION;45,55,ORGANIZATION
633696932859392000;Fenerbahçe;Favor;0,6,ORGANIZATION;7,13,ORGANIZATION;22,32,ORGANIZATION
633697056129970176;Fenerbahçe;Favor;0,6,ORGANIZATION;9,19,ORGANIZATION;27,33,ORGANIZATION;47,53,ORGANIZATION
633698837295689728;Fenerbahçe;Favor;39,49,ORGANIZATION;49,59,ORGANIZATION;59,69,ORGANIZATION
633699720582533120;Fenerbahçe;Favor;20,25,ORGANIZATION;31,36,ORGANIZATION;49,55,ORGANIZATION
633701417086226432;Fenerbahçe;Favor;26,36,ORGANIZATION
633701483356258304;Fenerbahçe;Favor;35,45,ORGANIZATION;50,62,LOCATION
633703876231888897;Fenerbahçe;Favor;6,16,ORGANIZATION;16,22,ORGANIZATION
633706122529124354;Fenerbahçe;Favor;9,14,ORGANIZATION;19,26,ORGANIZATION
633706294512369669;Fenerbahçe;Favor;7,12,ORGANIZATION
633706511022321665;Fenerbahçe;Favor;5,9,ORGANIZATION;47,51,ORGANIZATION;59,64,ORGANIZATION
633708879046672384;Fenerbahçe;Favor;0,10,ORGANIZATION;30,34,PERSON;36,39,PERSON;82,87,ORGANIZATION;99,105,ORGANIZATION
633986648775262208;Fenerbahçe;Favor;0,10,ORGANIZATION
633987114259062784;Fenerbahçe;Favor;0,5,ORGANIZATION
633989563766165505;Fenerbahçe;Favor;0,5,ORGANIZATION
633993009772785665;Fenerbahçe;Favor;19,29,ORGANIZATION;58,66,ORGANIZATION
633993031503491072;Fenerbahçe;Favor;20,30,ORGANIZATION
633996034654515200;Fenerbahçe;Favor;21,31,ORGANIZATION
633996245703507968;Fenerbahçe;Favor;6,16,ORGANIZATION
633996290624520192;Fenerbahçe;Favor;7,17,ORGANIZATION
633998433242742784;Fenerbahçe;Favor;0,10,ORGANIZATION;51,58,ORGANIZATION;58,62,ORGANIZATION
633999377787392000;Fenerbahçe;Favor;13,23,ORGANIZATION
634000834242678784;Fenerbahçe;Favor;1,11,ORGANIZATION
634000877217546240;Fenerbahçe;Favor;30,40,ORGANIZATION
634004332120305666;Fenerbahçe;Favor;0,10,ORGANIZATION;51,54,ORGANIZATION
634009301376438272;Fenerbahçe;Favor;22,32,ORGANIZATION
634010445305790464;Fenerbahçe;Favor;38,48,ORGANIZATION
634010714638823424;Fenerbahçe;Favor;31,41,ORGANIZATION
634010904020025345;Fenerbahçe;Favor;28,33,ORGANIZATION
634011508691861504;Fenerbahçe;Favor;16,26,ORGANIZATION
634011719631831040;Fenerbahçe;Favor;15,24,ORGANIZATION;39,49,ORGANIZATION;49,59,ORGANIZATION;59,67,ORGANIZATION
634014357043695617;Fenerbahçe;Favor;0,10,ORGANIZATION
634021571821215744;Fenerbahçe;Favor;18,28,ORGANIZATION
634024803972849664;Fenerbahçe;Favor;0,5,ORGANIZATION
634028774309367808;Fenerbahçe;Favor;1,6,ORGANIZATION;20,30,ORGANIZATION;34,44,ORGANIZATION
634033868912361472;Fenerbahçe;Favor;21,31,ORGANIZATION
634034331321765888;Fenerbahçe;Favor;15,25,ORGANIZATION
634035633783222274;Fenerbahçe;Favor;0,10,ORGANIZATION
634037045372043264;Fenerbahçe;Favor;11,21,ORGANIZATION
634040518578708480;Fenerbahçe;Favor;14,24,ORGANIZATION;30,40,ORGANIZATION;41,43,ORGANIZATION
634347083235991556;Fenerbahçe;Favor;31,41,ORGANIZATION
634347702646607872;Fenerbahçe;Favor;22,27,ORGANIZATION
634347968204775425;Fenerbahçe;Favor;18,26,PERSON;71,81,ORGANIZATION
634348711397560320;Fenerbahçe;Favor;24,34,ORGANIZATION
634350466617487361;Fenerbahçe;Favor;5,10,ORGANIZATION;24,31,ORGANIZATION
634350589397307392;Fenerbahçe;Favor;33,38,ORGANIZATION
634351354635550720;Fenerbahçe;Favor;29,34,ORGANIZATION;64,74,ORGANIZATION
634351381240004608;Fenerbahçe;Favor;15,25,ORGANIZATION
634351806856982528;Fenerbahçe;Favor;51,61,ORGANIZATION;61,66,ORGANIZATION
634351895709138945;Fenerbahçe;Favor;1,12,PERSON;59,69,ORGANIZATION
634352751225499648;Fenerbahçe;Favor;0,10,ORGANIZATION
634352986899222529;Fenerbahçe;Favor;0,5,ORGANIZATION;32,42,ORGANIZATION
634353522448969728;Fenerbahçe;Favor;33,43,ORGANIZATION
634353544175464449;Fenerbahçe;Favor;9,14,ORGANIZATION;25,30,ORGANIZATION
634353584193306624;Fenerbahçe;Favor;14,24,ORGANIZATION;24,29,ORGANIZATION
634353701482823680;Fenerbahçe;Favor;22,27,ORGANIZATION;55,65,ORGANIZATION
634354026260353024;Fenerbahçe;Favor;16,30,ORGANIZATION
634354458370179072;Fenerbahçe;Favor;8,18,ORGANIZATION;38,43,ORGANIZATION
634354668186042368;Fenerbahçe;Favor;10,20,ORGANIZATION;20,25,ORGANIZATION;34,44,ORGANIZATION
634355747367833600;Fenerbahçe;Favor;0,9,ORGANIZATION;44,54,ORGANIZATION
634355981506506752;Fenerbahçe;Favor;9,19,ORGANIZATION
634356653081632768;Fenerbahçe;Favor;14,24,ORGANIZATION;24,29,ORGANIZATION
634358653731082240;Fenerbahçe;Favor;0,5,ORGANIZATION
634358741329010688;Fenerbahçe;Favor;0,5,ORGANIZATION;22,27,ORGANIZATION
634358894018592768;Fenerbahçe;Favor;0,5,ORGANIZATION
634359672758251521;Fenerbahçe;Favor;33,38,ORGANIZATION
634360192080179200;Fenerbahçe;Favor;0,5,ORGANIZATION;29,36,ORGANIZATION
634362740295995393;Fenerbahçe;Favor;19,29,ORGANIZATION
634362804129112064;Fenerbahçe;Favor;14,24,ORGANIZATION;30,37,ORGANIZATION
634364694275489792;Fenerbahçe;Favor;22,27,ORGANIZATION;40,45,ORGANIZATION
634364873355468801;Fenerbahçe;Favor;0,10,ORGANIZATION
634365013323587585;Fenerbahçe;Favor;5,15,ORGANIZATION;43,53,ORGANIZATION;77,87,ORGANIZATION
634365461384269828;Fenerbahçe;Favor;37,47,ORGANIZATION
634366423243034624;Fenerbahçe;Favor;29,39,ORGANIZATION;52,57,ORGANIZATION;66,76,ORGANIZATION
634367282580463616;Fenerbahçe;Favor;11,21,ORGANIZATION
634367357893406720;Fenerbahçe;Favor;21,31,ORGANIZATION
634367576412430336;Fenerbahçe;Favor;37,47,ORGANIZATION
634368319936692224;Fenerbahçe;Favor;11,21,ORGANIZATION;32,37,ORGANIZATION
634369375013896193;Fenerbahçe;Favor;36,46,ORGANIZATION;72,78,ORGANIZATION
634369836487974912;Fenerbahçe;Favor;16,21,ORGANIZATION
634370855422820352;Fenerbahçe;Favor;14,19,ORGANIZATION;21,26,ORGANIZATION
634371130762076160;Fenerbahçe;Favor;0,10,ORGANIZATION;23,36,LOCATION;45,52,LOCATION
634371297166893056;Fenerbahçe;Favor;0,10,ORGANIZATION;18,27,LOCATION;28,39,LOCATION;40,51,LOCATION
634371633852088320;Fenerbahçe;Favor;0,10,ORGANIZATION
634372694113431552;Fenerbahçe;Favor;29,39,ORGANIZATION;45,52,ORGANIZATION
634376892750147584;Fenerbahçe;Favor;4,9,ORGANIZATION
634378266959327232;Fenerbahçe;Favor;6,11,ORGANIZATION;11,16,ORGANIZATION
634378287423299584;Fenerbahçe;Favor;11,21,ORGANIZATION
634378649240776704;Fenerbahçe;Favor;0,10,ORGANIZATION;20,28,ORGANIZATION;41,49,LOCATION;51,59,LOCATION;59,66,LOCATION
634378830782853120;Fenerbahçe;Favor;14,24,ORGANIZATION;27,40,LOCATION;42,47,LOCATION;47,55,LOCATION
634379974846361600;Fenerbahçe;Favor;28,33,ORGANIZATION
634380878488162305;Fenerbahçe;Favor;17,22,ORGANIZATION
634381109317500928;Fenerbahçe;Favor;0,5,ORGANIZATION;40,50,ORGANIZATION
634381200392593409;Fenerbahçe;Favor;9,19,ORGANIZATION
634381782310342657;Fenerbahçe;Favor;34,39,ORGANIZATION
634382150972928000;Fenerbahçe;Favor;26,36,ORGANIZATION
634382627890442240;Fenerbahçe;Favor;14,24,ORGANIZATION;29,34,ORGANIZATION;35,40,LOCATION
634385304712019968;Fenerbahçe;Favor;41,51,ORGANIZATION;52,57,ORGANIZATION
634387588833538048;Fenerbahçe;Favor;5,15,ORGANIZATION
634389711533047808;Fenerbahçe;Favor;21,31,ORGANIZATION
634390322534088704;Fenerbahçe;Favor;28,38,ORGANIZATION;48,53,ORGANIZATION
634390472388177920;Fenerbahçe;Favor;0,5,ORGANIZATION;20,27,ORGANIZATION
634390797295747072;Fenerbahçe;Favor;3,13,ORGANIZATION;30,40,ORGANIZATION
634392875581722624;Fenerbahçe;Favor;9,19,ORGANIZATION
634394640238673920;Fenerbahçe;Favor;5,14,ORGANIZATION;24,34,ORGANIZATION
634395351303258113;Fenerbahçe;Favor;20,30,ORGANIZATION;42,52,ORGANIZATION
634395784331567105;Fenerbahçe;Favor;6,11,ORGANIZATION
634396291565551616;Fenerbahçe;Favor;4,9,ORGANIZATION
634396305876459522;Fenerbahçe;Favor;25,35,ORGANIZATION
634396368803622912;Fenerbahçe;Favor;22,27,ORGANIZATION
634396491239542784;Fenerbahçe;Favor;0,5,ORGANIZATION
634396547313201152;Fenerbahçe;Favor;0,10,LOCATION;37,42,ORGANIZATION;51,56,ORGANIZATION;79,89,ORGANIZATION
634396608755576832;Fenerbahçe;Favor;9,19,ORGANIZATION
634397879981969408;Fenerbahçe;Favor;35,40,ORGANIZATION
634398551511056384;Fenerbahçe;Favor;25,35,ORGANIZATION
634400805404196864;Fenerbahçe;Favor;6,11,ORGANIZATION;11,16,ORGANIZATION
634400963135184896;Fenerbahçe;Favor;0,5,ORGANIZATION;15,26,LOCATION;28,34,LOCATION
634401283663876097;Fenerbahçe;Favor;14,24,ORGANIZATION;24,34,ORGANIZATION;59,67,LOCATION;67,70,ORGANIZATION
634401897374437377;Fenerbahçe;Favor;25,35,ORGANIZATION
634403594696032256;Fenerbahçe;Favor;47,52,ORGANIZATION
634404039434895360;Fenerbahçe;Favor;0,5,ORGANIZATION;30,40,ORGANIZATION
634404173786779648;Fenerbahçe;Favor;13,23,ORGANIZATION
634404269446275072;Fenerbahçe;Favor;11,21,ORGANIZATION
634405809062064128;Fenerbahçe;Favor;9,19,ORGANIZATION;23,28,ORGANIZATION
634405898929184768;Fenerbahçe;Favor;24,37,ORGANIZATION;37,42,ORGANIZATION;51,61,ORGANIZATION;62,72,ORGANIZATION
634407292268580864;Fenerbahçe;Favor;19,24,ORGANIZATION;47,55,LOCATION;62,70,LOCATION;70,77,LOCATION
634407650449604609;Fenerbahçe;Favor;28,38,ORGANIZATION;38,60,LOCATION
634408589772386304;Fenerbahçe;Favor;0,5,ORGANIZATION;30,37,ORGANIZATION
634712062849998848;Fenerbahçe;Favor;20,30,ORGANIZATION
634724489687920640;Fenerbahçe;Favor;16,26,ORGANIZATION
634742895719903232;Fenerbahçe;Favor;2,12,ORGANIZATION
634742970554675200;Fenerbahçe;Favor;1,11,ORGANIZATION;11,21,ORGANIZATION;34,36,ORGANIZATION;38,40,ORGANIZATION;58,68,ORGANIZATION
634747064065388544;Fenerbahçe;Favor;19,24,PERSON;41,51,ORGANIZATION
634749329241186306;Fenerbahçe;Favor;0,10,ORGANIZATION;10,16,ORGANIZATION
634755672538750976;Fenerbahçe;Favor;29,39,ORGANIZATION
634758486660935681;Fenerbahçe;Favor;23,33,ORGANIZATION
634765228551589888;Fenerbahçe;Favor;0,10,ORGANIZATION;33,43,ORGANIZATION;75,88,PERSON
634766021581250561;Fenerbahçe;Favor;23,33,ORGANIZATION
635083496730554368;Fenerbahçe;Favor;30,40,ORGANIZATION
635090938365390848;Fenerbahçe;Favor;29,39,ORGANIZATION
635105302350835712;Fenerbahçe;Favor;29,39,ORGANIZATION
635115895292055552;Fenerbahçe;Favor;27,37,ORGANIZATION
635117544815357952;Fenerbahçe;Favor;33,43,ORGANIZATION
635122458614464513;Fenerbahçe;Favor;23,28,ORGANIZATION
635129165818241024;Fenerbahçe;Favor;22,32,ORGANIZATION
635132224493502464;Fenerbahçe;Favor;0,10,ORGANIZATION
635132685166374912;Fenerbahçe;Favor;13,23,ORGANIZATION
635136087309066240;Fenerbahçe;Favor;15,20,ORGANIZATION
635434263652007936;Fenerbahçe;Favor;20,30,ORGANIZATION;31,36,ORGANIZATION
635434816549355521;Fenerbahçe;Favor;35,45,ORGANIZATION
635435300278411264;Fenerbahçe;Favor;33,38,ORGANIZATION
635447923581538304;Fenerbahçe;Favor;16,26,ORGANIZATION
635448019538866176;Fenerbahçe;Favor;31,36,ORGANIZATION
635451508667084800;Fenerbahçe;Favor;0,5,ORGANIZATION
635459119793729536;Fenerbahçe;Favor;7,12,ORGANIZATION
635461230405226496;Fenerbahçe;Favor;10,20,ORGANIZATION
635463059138564096;Fenerbahçe;Favor;20,25,ORGANIZATION
635466688205557761;Fenerbahçe;Favor;29,39,ORGANIZATION
635471660141932544;Fenerbahçe;Favor;0,10,ORGANIZATION;12,20,ORGANIZATION;50,60,ORGANIZATION
635471925842681856;Fenerbahçe;Favor;0,10,ORGANIZATION;37,56,LOCATION
635472351707168768;Fenerbahçe;Favor;0,10,ORGANIZATION;21,26,ORGANIZATION
635484304638935040;Fenerbahçe;Favor;17,27,ORGANIZATION
635484727835783168;Fenerbahçe;Favor;6,13,ORGANIZATION;14,19,ORGANIZATION
635486563196141568;Fenerbahçe;Favor;18,28,ORGANIZATION
635486811490516993;Fenerbahçe;Favor;20,30,ORGANIZATION;40,45,ORGANIZATION;54,64,ORGANIZATION
635488683743969280;Fenerbahçe;Favor;4,14,ORGANIZATION
635492581934264320;Fenerbahçe;Favor;16,26,ORGANIZATION;30,35,ORGANIZATION
635799767629602816;Fenerbahçe;Favor;10,20,ORGANIZATION
635800958291832832;Fenerbahçe;Favor;32,42,ORGANIZATION
635802060638801920;Fenerbahçe;Favor;0,10,ORGANIZATION
635813043579039744;Fenerbahçe;Favor;31,41,ORGANIZATION
635814084429107200;Fenerbahçe;Favor;34,39,ORGANIZATION;68,78,ORGANIZATION
635818049363423232;Fenerbahçe;Favor;39,49,ORGANIZATION
635827240039788544;Fenerbahçe;Favor;0,10,ORGANIZATION;46,65,LOCATION;65,77,LOCATION
635830150693814272;Fenerbahçe;Favor;0,10,ORGANIZATION;21,28,ORGANIZATION
635831408485900288;Fenerbahçe;Favor;0,12,PERSON;34,44,ORGANIZATION
635845277711269888;Fenerbahçe;Favor;0,10,PERSON;20,26,ORGANIZATION;45,55,ORGANIZATION
635845813021868032;Fenerbahçe;Favor;0,10,ORGANIZATION
635845919947276288;Fenerbahçe;Favor;8,18,ORGANIZATION;48,58,ORGANIZATION
635845933935280128;Fenerbahçe;Favor;0,12,PERSON;17,27,ORGANIZATION
635846764524892160;Fenerbahçe;Favor;38,48,ORGANIZATION;57,69,PERSON
635850545366999040;Fenerbahçe;Favor;0,10,ORGANIZATION
635851631595286528;Fenerbahçe;Favor;25,35,ORGANIZATION
635853642696888322;Fenerbahçe;Favor;3,13,ORGANIZATION;26,36,ORGANIZATION
636166052980871169;Fenerbahçe;Favor;15,25,ORGANIZATION
636174702336188417;Fenerbahçe;Favor;34,44,ORGANIZATION
636178778272755713;Fenerbahçe;Favor;36,46,ORGANIZATION
636180149323624448;Fenerbahçe;Favor;28,34,ORGANIZATION;56,66,ORGANIZATION
636180430451032064;Fenerbahçe;Favor;0,10,ORGANIZATION;12,18,ORGANIZATION
636191900693831681;Fenerbahçe;Favor;19,29,ORGANIZATION
636200719075385344;Fenerbahçe;Favor;75,85,ORGANIZATION
636522231418499073;Fenerbahçe;Favor;0,10,ORGANIZATION;31,49,LOCATION
636526777507160064;Fenerbahçe;Favor;5,10,ORGANIZATION
636531572884307969;Fenerbahçe;Favor;7,17,ORGANIZATION
636541216411254784;Fenerbahçe;Favor;35,45,ORGANIZATION
636561874495082496;Fenerbahçe;Favor;21,31,ORGANIZATION
636562818284847104;Fenerbahçe;Favor;5,15,ORGANIZATION
636570663877263360;Fenerbahçe;Favor;32,42,ORGANIZATION
636890486112960512;Fenerbahçe;Favor;14,24,ORGANIZATION;28,33,ORGANIZATION
636909361001033728;Fenerbahçe;Favor;27,37,ORGANIZATION;61,66,ORGANIZATION
636911870281166848;Fenerbahçe;Favor;29,34,ORGANIZATION
636915047743275008;Fenerbahçe;Favor;34,44,ORGANIZATION
636919193519161344;Fenerbahçe;Favor;0,10,ORGANIZATION;40,45,ORGANIZATION
636921407994245121;Fenerbahçe;Favor;12,22,ORGANIZATION;53,63,ORGANIZATION;64,69,LOCATION
636927886495252480;Fenerbahçe;Favor;0,5,ORGANIZATION;15,25,ORGANIZATION;25,47,LOCATION;48,58,ORGANIZATION;60,67,LOCATION;67,74,LOCATION
636928464042463232;Fenerbahçe;Favor;31,41,ORGANIZATION;41,46,ORGANIZATION;56,80,LOCATION
636929818521636868;Fenerbahçe;Favor;31,41,ORGANIZATION
636931363938152448;Fenerbahçe;Favor;20,30,ORGANIZATION;72,82,ORGANIZATION
639068242267521025;Fenerbahçe;Favor;14,24,ORGANIZATION
639082666541846528;Fenerbahçe;Favor;5,17,PERSON;29,39,ORGANIZATION
639083736567558145;Fenerbahçe;Favor;0,10,PERSON;10,16,ORGANIZATION;20,30,ORGANIZATION
639085150362578944;Fenerbahçe;Favor;0,10,ORGANIZATION
639102573417484289;Fenerbahçe;Favor;38,48,ORGANIZATION
639105245751169024;Fenerbahçe;Favor;42,52,ORGANIZATION
639107421277978624;Fenerbahçe;Favor;14,24,ORGANIZATION
639107942856421376;Fenerbahçe;Favor;18,28,ORGANIZATION
639429366183759874;Fenerbahçe;Favor;10,20,ORGANIZATION
639432512645779460;Fenerbahçe;Favor;16,26,ORGANIZATION
639436766328541184;Fenerbahçe;Favor;4,14,ORGANIZATION
639444295997628417;Fenerbahçe;Favor;8,18,ORGANIZATION;25,35,ORGANIZATION
639469685835214848;Fenerbahçe;Favor;30,40,ORGANIZATION
639482252422959104;Fenerbahçe;Favor;2,12,ORGANIZATION;12,24,ORGANIZATION;38,48,ORGANIZATION;49,59,ORGANIZATION;60,69,ORGANIZATION
639482275776888832;Fenerbahçe;Favor;0,10,ORGANIZATION;22,32,ORGANIZATION;44,48,ORGANIZATION
639837302869463040;Fenerbahçe;Favor;0,10,ORGANIZATION
640154244599947264;Fenerbahçe;Favor;17,27,ORGANIZATION
640183439145201664;Fenerbahçe;Favor;0,10,ORGANIZATION;34,44,ORGANIZATION
640508437634416641;Fenerbahçe;Favor;0,10,ORGANIZATION
640514927921393664;Fenerbahçe;Favor;0,5,ORGANIZATION
640519043351449600;Fenerbahçe;Favor;9,19,ORGANIZATION
640522791377309696;Fenerbahçe;Favor;0,10,ORGANIZATION
633655562748739585;Fenerbahçe;Against;0,6,ORGANIZATION;11,16,ORGANIZATION;31,41,ORGANIZATION
633656246579654656;Fenerbahçe;Against;37,47,ORGANIZATION
633657099499753473;Fenerbahçe;Against;0,11,ORGANIZATION;17,27,ORGANIZATION;35,46,PERSON;52,63,PERSON
633659886883205120;Fenerbahçe;Against;5,11,ORGANIZATION;51,61,ORGANIZATION
633661667247849472;Fenerbahçe;Against;63,74,ORGANIZATION;96,98,ORGANIZATION;110,120,ORGANIZATION
633662422449045504;Fenerbahçe;Against;0,8,LOCATION;25,30,ORGANIZATION;36,42,ORGANIZATION;49,57,ORGANIZATION
633664943338995713;Fenerbahçe;Against;0,4,ORGANIZATION;15,20,PERSON;48,53,ORGANIZATION
633667137798828032;Fenerbahçe;Against;5,10,ORGANIZATION
633667869390295042;Fenerbahçe;Against;5,10,ORGANIZATION
633667869839110144;Fenerbahçe;Against;26,37,ORGANIZATION;48,56,ORGANIZATION;59,67,LOCATION;97,107,ORGANIZATION
633668262736338944;Fenerbahçe;Against;0,12,PERSON;14,24,ORGANIZATION;79,83,PERSON
633670475135193088;Fenerbahçe;Against;20,28,ORGANIZATION;45,54,ORGANIZATION;55,60,ORGANIZATION
633671474432315392;Fenerbahçe;Against;20,30,ORGANIZATION
633671479356469248;Fenerbahçe;Against;24,29,ORGANIZATION
633672299028312064;Fenerbahçe;Against;20,25,ORGANIZATION
633676038304829440;Fenerbahçe;Against;15,20,ORGANIZATION
633678787784384512;Fenerbahçe;Against;25,30,PERSON;34,44,ORGANIZATION;62,67,ORGANIZATION;82,84,ORGANIZATION;94,98,ORGANIZATION
633678863483072512;Fenerbahçe;Against;25,35,ORGANIZATION
633682269132226560;Fenerbahçe;Against;0,10,ORGANIZATION;10,21,ORGANIZATION;45,55,ORGANIZATION
633686152512466944;Fenerbahçe;Against;30,35,ORGANIZATION;101,103,ORGANIZATION
633688586395746304;Fenerbahçe;Against;0,5,ORGANIZATION;7,18,ORGANIZATION;35,43,ORGANIZATION
633689499575451648;Fenerbahçe;Against;1,11,PERSON;40,45,ORGANIZATION
633695495576268800;Fenerbahçe;Against;12,17,ORGANIZATION;37,48,ORGANIZATION
633697541633273857;Fenerbahçe;Against;19,29,ORGANIZATION
633698262189522946;Fenerbahçe;Against;7,12,ORGANIZATION;33,43,ORGANIZATION;50,60,ORGANIZATION
633698843792703488;Fenerbahçe;Against;15,23,ORGANIZATION;23,31,PERSON;31,36,ORGANIZATION;77,85,ORGANIZATION
633708333069914112;Fenerbahçe;Against;0,10,ORGANIZATION;40,44,ORGANIZATION;68,77,ORGANIZATION;90,100,ORGANIZATION
633986875280199682;Fenerbahçe;Against;39,44,PERSON;46,53,ORGANIZATION
633989512625057792;Fenerbahçe;Against;0,10,ORGANIZATION;10,22,ORGANIZATION
633995607091322880;Fenerbahçe;Against;0,5,ORGANIZATION;7,11,PERSON
634000415860891648;Fenerbahçe;Against;1,16,PERSON;57,67,ORGANIZATION
634001498414968832;Fenerbahçe;Against;2,7,ORGANIZATION;98,104,ORGANIZATION
634003021878444032;Fenerbahçe;Against;6,16,ORGANIZATION;107,117,ORGANIZATION
634003313420300288;Fenerbahçe;Against;32,37,ORGANIZATION
634010208436547584;Fenerbahçe;Against;1,12,PERSON;51,61,ORGANIZATION
634010666651807744;Fenerbahçe;Against;0,5,ORGANIZATION;71,76,ORGANIZATION
634039614999785472;Fenerbahçe;Against;8,18,ORGANIZATION
634040530016555009;Fenerbahçe;Against;23,33,ORGANIZATION;36,51,ORGANIZATION
634348279271043072;Fenerbahçe;Against;0,16,PERSON;16,24,PERSON;66,71,ORGANIZATION
634349443878400000;Fenerbahçe;Against;0,10,ORGANIZATION;13,21,ORGANIZATION;42,56,ORGANIZATION
634354411058429952;Fenerbahçe;Against;7,15,ORGANIZATION;18,28,ORGANIZATION
634361451789074432;Fenerbahçe;Against;28,38,ORGANIZATION
634369165890060288;Fenerbahçe;Against;7,15,ORGANIZATION;30,35,ORGANIZATION;62,67,ORGANIZATION
634369357850787840;Fenerbahçe;Against;11,17,ORGANIZATION;30,35,ORGANIZATION;54,62,ORGANIZATION
634370503696871424;Fenerbahçe;Against;7,12,ORGANIZATION;12,18,LOCATION
634379906198188032;Fenerbahçe;Against;21,26,ORGANIZATION
634381509777059840;Fenerbahçe;Against;31,36,ORGANIZATION
634383755302584324;Fenerbahçe;Against;25,30,ORGANIZATION
634383810138869760;Fenerbahçe;Against;60,68,ORGANIZATION;80,86,ORGANIZATION;87,92,ORGANIZATION
634404220205170688;Fenerbahçe;Against;0,10,LOCATION;15,24,ORGANIZATION;43,53,ORGANIZATION
634405730100117504;Fenerbahçe;Against;15,20,ORGANIZATION;41,46,ORGANIZATION
634725098684084224;Fenerbahçe;Against;9,19,ORGANIZATION;28,39,ORGANIZATION
634754311826853888;Fenerbahçe;Against;4,14,ORGANIZATION
634763832372686849;Fenerbahçe;Against;0,5,ORGANIZATION;32,41,PERSON
635080141538988032;Fenerbahçe;Against;44,49,ORGANIZATION
635099218949074944;Fenerbahçe;Against;14,19,ORGANIZATION;49,57,ORGANIZATION;64,72,LOCATION;72,79,LOCATION
635105052630323200;Fenerbahçe;Against;27,32,ORGANIZATION
635112436236992512;Fenerbahçe;Against;5,10,ORGANIZATION
635115313227563008;Fenerbahçe;Against;6,11,ORGANIZATION;30,37,LOCATION;39,46,LOCATION;46,53,LOCATION
635128145436385280;Fenerbahçe;Against;5,15,ORGANIZATION
635128601176879104;Fenerbahçe;Against;2,7,ORGANIZATION
635440280506904576;Fenerbahçe;Against;17,22,ORGANIZATION
635455392852627456;Fenerbahçe;Against;9,19,ORGANIZATION;48,56,ORGANIZATION
635457584829440000;Fenerbahçe;Against;9,14,ORGANIZATION
635458915245944832;Fenerbahçe;Against;29,34,ORGANIZATION
635476961821913089;Fenerbahçe;Against;22,27,ORGANIZATION
635488814128066560;Fenerbahçe;Against;35,45,ORGANIZATION
635822408012800002;Fenerbahçe;Against;0,5,ORGANIZATION;9,17,ORGANIZATION;21,32,ORGANIZATION
635827078005424128;Fenerbahçe;Against;1,11,ORGANIZATION;11,21,ORGANIZATION;21,26,PERSON
635828485798395905;Fenerbahçe;Against;15,21,ORGANIZATION;21,31,ORGANIZATION
635831302671962112;Fenerbahçe;Against;0,5,ORGANIZATION;8,18,ORGANIZATION
635832281358290944;Fenerbahçe;Against;0,5,ORGANIZATION
635833014258417665;Fenerbahçe;Against;0,4,PERSON;22,27,ORGANIZATION
635836604259651584;Fenerbahçe;Against;3,9,PERSON;9,14,ORGANIZATION
635836798023897088;Fenerbahçe;Against;10,15,PERSON;19,25,PERSON;25,35,ORGANIZATION;40,46,ORGANIZATION;68,74,PERSON;83,85,ORGANIZATION
635838081380274176;Fenerbahçe;Against;23,28,ORGANIZATION
635838155200032768;Fenerbahçe;Against;0,10,ORGANIZATION
635838402219393024;Fenerbahçe;Against;0,11,PERSON;18,28,ORGANIZATION
635839418188869633;Fenerbahçe;Against;0,5,ORGANIZATION;24,28,PERSON;34,38,PERSON
635839481992609793;Fenerbahçe;Against;8,13,ORGANIZATION
635840353178923008;Fenerbahçe;Against;0,5,PERSON;49,59,ORGANIZATION
635840427703332864;Fenerbahçe;Against;14,24,ORGANIZATION;30,39,ORGANIZATION
635841332154617856;Fenerbahçe;Against;3,8,ORGANIZATION
635841891666411520;Fenerbahçe;Against;52,62,ORGANIZATION;82,90,ORGANIZATION
635842146512281600;Fenerbahçe;Against;47,53,LOCATION;70,80,ORGANIZATION
635842549224243200;Fenerbahçe;Against;0,11,PERSON;21,26,ORGANIZATION;78,82,PERSON
635843713403617280;Fenerbahçe;Against;17,28,ORGANIZATION;54,64,ORGANIZATION
635843810099089408;Fenerbahçe;Against;10,22,PERSON;64,70,LOCATION;106,111,ORGANIZATION
635843936607694848;Fenerbahçe;Against;4,17,PERSON;32,35,PERSON;46,53,LOCATION;68,73,ORGANIZATION
635845183146459136;Fenerbahçe;Against;0,6,PERSON;6,13,LOCATION;21,31,ORGANIZATION;73,84,ORGANIZATION
635845226297458688;Fenerbahçe;Against;39,44,ORGANIZATION;58,62,PERSON
635845340281880576;Fenerbahçe;Against;29,39,ORGANIZATION
635845775159857152;Fenerbahçe;Against;41,51,ORGANIZATION;95,106,PERSON
635846038251827200;Fenerbahçe;Against;0,4,PERSON;36,42,PERSON;64,74,ORGANIZATION
635847423772987392;Fenerbahçe;Against;0,6,ORGANIZATION;41,51,ORGANIZATION
635849524515352576;Fenerbahçe;Against;0,12,PERSON;32,42,ORGANIZATION
635849532316745729;Fenerbahçe;Against;2,14,PERSON;45,55,ORGANIZATION
635849996722642944;Fenerbahçe;Against;5,10,ORGANIZATION;31,33,ORGANIZATION
635850267678908416;Fenerbahçe;Against;1,11,ORGANIZATION;11,23,PERSON;32,40,PERSON;42,47,PERSON
635850492694929410;Fenerbahçe;Against;0,11,PERSON;13,20,LOCATION;33,43,ORGANIZATION
635851619066867712;Fenerbahçe;Against;5,9,PERSON;18,23,ORGANIZATION;58,62,PERSON;83,95,PERSON
635853932372361217;Fenerbahçe;Against;2,14,PERSON;27,31,PERSON;31,36,ORGANIZATION
635854199754985472;Fenerbahçe;Against;0,11,PERSON;28,33,PERSON;105,110,ORGANIZATION
635855618096689152;Fenerbahçe;Against;16,26,ORGANIZATION
635857372859269120;Fenerbahçe;Against;0,4,PERSON;10,15,ORGANIZATION;49,54,PERSON
635857906064355328;Fenerbahçe;Against;0,17,PERSON;30,37,LOCATION;59,69,ORGANIZATION
635858110930907137;Fenerbahçe;Against;9,11,ORGANIZATION;24,29,ORGANIZATION
636166921180872704;Fenerbahçe;Against;0,5,ORGANIZATION;5,10,ORGANIZATION;52,57,ORGANIZATION
636178796870266880;Fenerbahçe;Against;1,10,PERSON;15,20,ORGANIZATION
636183782849179648;Fenerbahçe;Against;19,24,ORGANIZATION;26,28,ORGANIZATION
636186008023908352;Fenerbahçe;Against;20,30,PERSON;48,58,ORGANIZATION
636186626717286400;Fenerbahçe;Against;20,25,ORGANIZATION
636188064935772160;Fenerbahçe;Against;0,5,ORGANIZATION
636201579134234624;Fenerbahçe;Against;0,10,ORGANIZATION
636219436236734465;Fenerbahçe;Against;6,16,PERSON;16,26,ORGANIZATION;61,68,ORGANIZATION
636219960327598080;Fenerbahçe;Against;47,51,PERSON;56,60,PERSON;61,71,ORGANIZATION
636529215660290048;Fenerbahçe;Against;0,10,ORGANIZATION;61,67,PERSON;70,75,PERSON
636529786198827008;Fenerbahçe;Against;18,28,ORGANIZATION;43,54,ORGANIZATION;68,73,PERSON;75,81,PERSON
636541472632909825;Fenerbahçe;Against;3,8,ORGANIZATION;25,33,ORGANIZATION
636541582074843137;Fenerbahçe;Against;0,15,ORGANIZATION;34,44,ORGANIZATION
636542697415790592;Fenerbahçe;Against;0,7,PERSON;65,70,ORGANIZATION
636547320100843520;Fenerbahçe;Against;15,27,PERSON;40,45,ORGANIZATION
636548558141923328;Fenerbahçe;Against;0,21,ORGANIZATION;25,29,PERSON;32,37,ORGANIZATION
636549350932488192;Fenerbahçe;Against;3,8,ORGANIZATION
636550822147584000;Fenerbahçe;Against;9,17,PERSON;24,29,ORGANIZATION;85,96,PERSON
636551197965615104;Fenerbahçe;Against;8,18,ORGANIZATION
636551501155049473;Fenerbahçe;Against;0,15,ORGANIZATION;34,44,ORGANIZATION
636551616922058752;Fenerbahçe;Against;3,8,ORGANIZATION;30,39,ORGANIZATION
636553507735113728;Fenerbahçe;Against;21,26,ORGANIZATION
636565155476807685;Fenerbahçe;Against;16,26,ORGANIZATION;29,44,ORGANIZATION;63,71,LOCATION;73,80,LOCATION;80,87,LOCATION
636895218491609088;Fenerbahçe;Against;6,11,ORGANIZATION;13,16,ORGANIZATION
636901768073494528;Fenerbahçe;Against;1,11,ORGANIZATION;11,15,ORGANIZATION;61,74,ORGANIZATION;74,89,ORGANIZATION
636902272488882176;Fenerbahçe;Against;28,33,ORGANIZATION
636903780278239232;Fenerbahçe;Against;0,10,ORGANIZATION
636906236357791744;Fenerbahçe;Against;51,61,ORGANIZATION;62,70,ORGANIZATION
636906382617378816;Fenerbahçe;Against;0,15,ORGANIZATION;64,69,ORGANIZATION
636906459448668160;Fenerbahçe;Against;33,38,ORGANIZATION;45,50,ORGANIZATION;57,72,ORGANIZATION
636906596791132160;Fenerbahçe;Against;51,61,ORGANIZATION;62,70,ORGANIZATION
636906650226573314;Fenerbahçe;Against;6,11,ORGANIZATION;33,45,PERSON
636907096429207552;Fenerbahçe;Against;51,61,ORGANIZATION;62,70,ORGANIZATION
636908001094463488;Fenerbahçe;Against;0,10,ORGANIZATION;19,31,PERSON
636909388893159424;Fenerbahçe;Against;0,3,ORGANIZATION;5,8,ORGANIZATION;10,15,ORGANIZATION
636911544236945408;Fenerbahçe;Against;30,35,ORGANIZATION
636912539041988608;Fenerbahçe;Against;74,85,ORGANIZATION;109,119,ORGANIZATION
636912599263801344;Fenerbahçe;Against;0,12,PERSON;112,122,ORGANIZATION
636913546098573312;Fenerbahçe;Against;9,19,ORGANIZATION;22,37,ORGANIZATION
636914309772242944;Fenerbahçe;Against;6,10,ORGANIZATION;23,28,ORGANIZATION
636916750890729474;Fenerbahçe;Against;36,46,ORGANIZATION
636917690851004416;Fenerbahçe;Against;12,17,ORGANIZATION
636917713986826240;Fenerbahçe;Against;13,23,ORGANIZATION;28,43,ORGANIZATION
636917720487993344;Fenerbahçe;Against;1,11,ORGANIZATION;12,20,ORGANIZATION
636917900184522752;Fenerbahçe;Against;2,7,ORGANIZATION
636918657378054146;Fenerbahçe;Against;1,11,ORGANIZATION
636919339489345537;Fenerbahçe;Against;43,48,ORGANIZATION
636919427854934016;Fenerbahçe;Against;2,7,ORGANIZATION;33,39,PERSON;49,52,PERSON;54,59,PERSON
636919746437496832;Fenerbahçe;Against;0,3,PERSON;68,78,ORGANIZATION
636920950114643968;Fenerbahçe;Against;3,18,ORGANIZATION
636921257385193472;Fenerbahçe;Against;38,43,ORGANIZATION
636921532393103361;Fenerbahçe;Against;25,30,ORGANIZATION;31,38,ORGANIZATION
636922293944496128;Fenerbahçe;Against;0,10,ORGANIZATION;41,45,ORGANIZATION
636922342170619904;Fenerbahçe;Against;0,11,ORGANIZATION;42,47,ORGANIZATION;49,55,ORGANIZATION
636924217091616772;Fenerbahçe;Against;4,9,ORGANIZATION
636924224104480768;Fenerbahçe;Against;0,5,ORGANIZATION
636924233998798848;Fenerbahçe;Against;0,15,ORGANIZATION;48,58,ORGANIZATION
636924760539168768;Fenerbahçe;Against;39,49,ORGANIZATION
636924943922515968;Fenerbahçe;Against;14,19,ORGANIZATION
636925018220425216;Fenerbahçe;Against;5,10,ORGANIZATION
636925294998368257;Fenerbahçe;Against;0,10,ORGANIZATION
636925487873454086;Fenerbahçe;Against;0,6,PERSON;58,68,ORGANIZATION
636925606941323264;Fenerbahçe;Against;27,37,ORGANIZATION
636925651631665152;Fenerbahçe;Against;0,2,ORGANIZATION;47,52,ORGANIZATION
636925914492878848;Fenerbahçe;Against;23,33,ORGANIZATION
636926250955763712;Fenerbahçe;Against;30,40,ORGANIZATION;41,49,ORGANIZATION
636926547291672576;Fenerbahçe;Against;0,5,ORGANIZATION
636926614367027200;Fenerbahçe;Against;0,5,ORGANIZATION
636927096900730880;Fenerbahçe;Against;0,5,ORGANIZATION;5,20,ORGANIZATION
636927130497101825;Fenerbahçe;Against;0,7,ORGANIZATION;10,12,ORGANIZATION;73,81,ORGANIZATION;82,92,ORGANIZATION
636927166530355200;Fenerbahçe;Against;11,16,ORGANIZATION;21,27,ORGANIZATION;27,32,ORGANIZATION;32,38,ORGANIZATION
636927560765583361;Fenerbahçe;Against;21,26,ORGANIZATION
636927895139692544;Fenerbahçe;Against;0,5,ORGANIZATION;41,56,ORGANIZATION
636928068737740800;Fenerbahçe;Against;0,10,ORGANIZATION
636928475258089472;Fenerbahçe;Against;25,35,ORGANIZATION;36,44,ORGANIZATION
636928581202014208;Fenerbahçe;Against;0,11,ORGANIZATION;32,38,ORGANIZATION;51,56,ORGANIZATION;77,83,ORGANIZATION
636929132333559808;Fenerbahçe;Against;5,20,ORGANIZATION;58,68,ORGANIZATION;69,77,ORGANIZATION
636929265439776768;Fenerbahçe;Against;0,5,ORGANIZATION;10,18,ORGANIZATION;32,36,ORGANIZATION;36,43,ORGANIZATION
636929285111066624;Fenerbahçe;Against;0,15,ORGANIZATION;63,68,ORGANIZATION
636929396109131776;Fenerbahçe;Against;0,5,ORGANIZATION;9,12,ORGANIZATION
636929528145801217;Fenerbahçe;Against;0,5,ORGANIZATION
636929621653630976;Fenerbahçe;Against;3,18,ORGANIZATION;38,43,ORGANIZATION
636929754579501056;Fenerbahçe;Against;102,112,ORGANIZATION;113,121,ORGANIZATION
636929794677047296;Fenerbahçe;Against;0,5,ORGANIZATION;30,45,ORGANIZATION
636929797164298240;Fenerbahçe;Against;23,33,ORGANIZATION;34,36,ORGANIZATION
636929931226841093;Fenerbahçe;Against;19,29,ORGANIZATION
636930040651993088;Fenerbahçe;Against;37,47,ORGANIZATION;48,56,ORGANIZATION
636930579380981761;Fenerbahçe;Against;35,45,ORGANIZATION
636930625543520256;Fenerbahçe;Against;30,40,ORGANIZATION;41,49,ORGANIZATION
636931074023686145;Fenerbahçe;Against;39,44,ORGANIZATION
636931274289102849;Fenerbahçe;Against;53,63,ORGANIZATION;64,72,ORGANIZATION
636931325249912832;Fenerbahçe;Against;0,10,ORGANIZATION
636931799529193472;Fenerbahçe;Against;50,60,ORGANIZATION;61,72,ORGANIZATION;73,77,ORGANIZATION
636931914113359874;Fenerbahçe;Against;0,15,ORGANIZATION;31,41,ORGANIZATION;42,50,ORGANIZATION;77,90,ORGANIZATION;103,109,ORGANIZATION
636931960829530113;Fenerbahçe;Against;38,43,ORGANIZATION
636932068543438848;Fenerbahçe;Against;16,26,ORGANIZATION;27,35,ORGANIZATION
636932136155656192;Fenerbahçe;Against;0,15,ORGANIZATION;26,37,ORGANIZATION;74,84,ORGANIZATION;87,95,ORGANIZATION
636932308470251520;Fenerbahçe;Against;0,10,ORGANIZATION
636932363713409024;Fenerbahçe;Against;0,5,ORGANIZATION
636932446483820544;Fenerbahçe;Against;0,15,ORGANIZATION;32,37,ORGANIZATION
636932490196844544;Fenerbahçe;Against;34,44,ORGANIZATION;53,68,ORGANIZATION
636932659122409473;Fenerbahçe;Against;9,14,ORGANIZATION;16,24,ORGANIZATION
636933178712850432;Fenerbahçe;Against;0,5,ORGANIZATION;7,9,ORGANIZATION
636933435253227520;Fenerbahçe;Against;1,11,ORGANIZATION;39,50,ORGANIZATION
636933925978415104;Fenerbahçe;Against;5,10,ORGANIZATION;15,23,ORGANIZATION
636934654713532416;Fenerbahçe;Against;0,10,ORGANIZATION;28,43,ORGANIZATION;80,91,ORGANIZATION;98,109,ORGANIZATION
636934760267448320;Fenerbahçe;Against;31,39,ORGANIZATION;40,50,ORGANIZATION
636935844016848896;Fenerbahçe;Against;18,23,ORGANIZATION
636935980616929280;Fenerbahçe;Against;9,14,ORGANIZATION;19,27,ORGANIZATION
636936058698117120;Fenerbahçe;Against;7,17,ORGANIZATION;58,73,ORGANIZATION;73,87,LOCATION
636936089014534144;Fenerbahçe;Against;0,5,ORGANIZATION;10,18,ORGANIZATION
636936448864858112;Fenerbahçe;Against;21,36,ORGANIZATION;62,67,ORGANIZATION
636936881272451072;Fenerbahçe;Against;0,5,ORGANIZATION;24,26,ORGANIZATION
636936960926445568;Fenerbahçe;Against;8,10,ORGANIZATION;21,31,ORGANIZATION;31,46,ORGANIZATION
636937194071019520;Fenerbahçe;Against;0,10,ORGANIZATION
636937275214008320;Fenerbahçe;Against;0,10,ORGANIZATION;13,28,ORGANIZATION
636938655953735681;Fenerbahçe;Against;34,39,ORGANIZATION
636938744378093568;Fenerbahçe;Against;27,37,ORGANIZATION
636938840448593920;Fenerbahçe;Against;4,9,ORGANIZATION
637246188450918401;Fenerbahçe;Against;0,5,ORGANIZATION;20,29,PERSON;29,39,ORGANIZATION
637246961373061120;Fenerbahçe;Against;0,5,ORGANIZATION;5,14,LOCATION
637247733221470208;Fenerbahçe;Against;41,51,ORGANIZATION
637247918626443264;Fenerbahçe;Against;13,18,ORGANIZATION
637251279119626240;Fenerbahçe;Against;0,14,ORGANIZATION
637254456145510400;Fenerbahçe;Against;31,41,ORGANIZATION
638336019604054016;Fenerbahçe;Against;10,15,ORGANIZATION;26,30,PERSON;33,35,ORGANIZATION
638344277345607680;Fenerbahçe;Against;0,12,PERSON;14,24,ORGANIZATION
639091685830619137;Fenerbahçe;Against;0,5,ORGANIZATION;18,21,ORGANIZATION
639107487573131265;Fenerbahçe;Against;82,87,ORGANIZATION
639116163180572672;Fenerbahçe;Against;29,39,ORGANIZATION;42,47,ORGANIZATION;50,55,ORGANIZATION;64,71,LOCATION;84,90,LOCATION;93,98,ORGANIZATION
639116189701140480;Fenerbahçe;Against;33,38,ORGANIZATION
639116924979429376;Fenerbahçe;Against;0,12,PERSON;36,47,PERSON;73,78,ORGANIZATION;97,109,PERSON
639441412124241920;Fenerbahçe;Against;10,13,ORGANIZATION;13,17,ORGANIZATION;17,22,ORGANIZATION;22,27,PERSON;27,33,ORGANIZATION
639466283604516864;Fenerbahçe;Against;25,35,ORGANIZATION
639784002317066241;Fenerbahçe;Against;0,5,ORGANIZATION
639792394016264192;Fenerbahçe;Against;46,56,ORGANIZATION
639799306682277888;Fenerbahçe;Against;13,24,PERSON;69,74,ORGANIZATION
639816184918052864;Fenerbahçe;Against;13,24,ORGANIZATION;27,37,ORGANIZATION
639820112678232064;Fenerbahçe;Against;0,12,PERSON;14,24,ORGANIZATION;26,37,ORGANIZATION;84,95,PERSON;96,100,PERSON
639825756818931713;Fenerbahçe;Against;6,14,ORGANIZATION;21,26,ORGANIZATION;61,65,PERSON;70,77,PERSON
639838224186241024;Fenerbahçe;Against;16,26,ORGANIZATION;104,107,ORGANIZATION
639845660796276736;Fenerbahçe;Against;0,9,PERSON;9,14,ORGANIZATION
640159114354651136;Fenerbahçe;Against;0,7,PERSON;24,32,LOCATION;56,66,ORGANIZATION
640172896632074241;Fenerbahçe;Against;0,10,ORGANIZATION;44,52,ORGANIZATION;69,76,LOCATION
640178177839644672;Fenerbahçe;Against;0,10,ORGANIZATION
640522614901997568;Fenerbahçe;Against;0,5,ORGANIZATION
640548037547421696;Fenerbahçe;Against;14,23,PERSON;23,28,ORGANIZATION
640551214653001728;Fenerbahçe;Against;15,24,PERSON;24,35,PERSON;35,45,PERSON;59,69,ORGANIZATION;69,76,LOCATION
640552972192190464;Fenerbahçe;Against;8,17,ORGANIZATION;24,29,ORGANIZATION
640559761742819328;Fenerbahçe;Against;0,5,ORGANIZATION;8,13,ORGANIZATION
640562803762458624;Fenerbahçe;Against;0,4,PERSON;16,24,PERSON;39,49,ORGANIZATION
640563012307451905;Fenerbahçe;Against;5,13,PERSON;15,20,ORGANIZATION